GASVISION_FILEVERSION;3;4.50
MEMO;;
MEMO;;
MEMO;;
MEMO;;
MEMO;;
MEMO;;
MEMO;;
MEMO;;
MEMO;;
MEMO;;
DECIMALSEPARATOR;.
DATESEPARATOR;/
SHORTDATEFORMAT;M/d/yyyy
TIMESEPARATOR;:
TIMEAMSTRING;AM
TIMEPMSTRING;PM
LONGTIMEFORMAT;h:mm:ss AMPM
SESSION_HEADER;Peak;30;7/15/2014 1:44:39 PM;7/15/2014 2:51:10 PM;X-am 7000;ARAA0098;1;PERSONAL-ID;2.02W
GASTYPE;;CH4;CO2;CO;NH3;SO2;
UNITNAME;;Vol%;Vol%;ppm;ppm;ppm;
GAS_A1;;0.88;0.50;30.00;20.00;2.00;
GAS_A2;;1.76;1.00;60.00;40.00;4.00;
RANGE;;100.00;5.00;500.00;200.00;20.00;
SERIALNO;;ARZJ0013;ARAK0001;ARZM0586;ARYM0049;ARWM0078;
PARTNO;;6810460;6810590;6810258;6809145;6809160;
CALDATE;;11/23/2008;8/5/2013;8/5/2013;6/18/2013;8/6/2013;
SENSORTYPE;;HPP-IR;HPP-IR;EC;EC;EC;
VAL;7/15/2014 1:44:39 PM;0.000;0.019;0.000;0.000;0.000;
VAL;7/15/2014 1:45:09 PM;0.000;0.019;0.000;0.000;0.000;
VAL;7/15/2014 1:45:39 PM;0.000;0.019;0.000;0.000;0.000;
EVE;7/15/2014 1:45:52 PM;Silent-Mode on(1,255)
EVE;7/15/2014 1:45:55 PM;Silent-Mode off(1,255)
EVE;7/15/2014 1:46:00 PM;Zero-calibration done(3,0)
EVE;7/15/2014 1:46:00 PM;Zero-calibration done(3,1)
EVE;7/15/2014 1:46:00 PM;Zero-calibration done(3,2)
EVE;7/15/2014 1:46:00 PM;Zero-calibration done(3,3)
EVE;7/15/2014 1:46:00 PM;Zero-calibration done(3,4)
VAL;7/15/2014 1:46:09 PM;0.000;0.029;0.000;0.000;0.000;
VAL;7/15/2014 1:46:39 PM;0.000;0.039;0.000;0.000;0.000;
VAL;7/15/2014 1:47:09 PM;0.000;0.049;0.000;0.000;0.000;
VAL;7/15/2014 1:47:39 PM;0.000;0.039;0.000;NEG;0.000;
VAL;7/15/2014 1:48:09 PM;0.000;0.029;0.000;0.000;0.000;
VAL;7/15/2014 1:48:39 PM;0.000;0.029;0.000;0.000;0.000;
VAL;7/15/2014 1:49:09 PM;0.000;0.029;0.000;NEG;0.000;
VAL;7/15/2014 1:49:39 PM;0.000;0.029;0.000;NEG;0.000;
VAL;7/15/2014 1:50:09 PM;0.000;0.029;0.000;0.000;0.000;
VAL;7/15/2014 1:50:39 PM;0.000;0.029;0.000;2.000;0.000;
VAL;7/15/2014 1:51:09 PM;0.000;0.029;0.000;77.00;0.000;
VAL;7/15/2014 1:51:39 PM;0.000;0.009;0.000;95.00;0.000;
VAL;7/15/2014 1:52:09 PM;0.000;0.000;0.000;104.0;0.000;
VAL;7/15/2014 1:52:39 PM;0.000;NEG;0.000;107.0;0.000;
EVE;7/15/2014 1:52:42 PM;Span-calibration done(3,3)
EVE;7/15/2014 1:52:43 PM;Unknown Event(1,3: 00)
VAL;7/15/2014 1:53:09 PM;0.000;0.000;0.000;108.0;0.000;
VAL;7/15/2014 1:53:39 PM;0.000;0.029;0.000;44.00;0.000;
VAL;7/15/2014 1:54:09 PM;0.000;0.029;0.000;13.00;0.000;
VAL;7/15/2014 1:54:39 PM;0.000;0.029;0.000;5.000;6.700;
VAL;7/15/2014 1:55:09 PM;0.000;0.019;0.000;NEG;8.100;
VAL;7/15/2014 1:55:39 PM;0.000;0.000;0.000;NEG;8.700;
VAL;7/15/2014 1:56:09 PM;0.000;0.000;0.000;NEG;9.100;
EVE;7/15/2014 1:56:15 PM;Span-calibration done(3,4)
EVE;7/15/2014 1:56:15 PM;Unknown Event(1,4: 00)
VAL;7/15/2014 1:56:39 PM;0.000;0.000;0.000;0.000;10.10;
VAL;7/15/2014 1:57:09 PM;0.000;0.029;0.000;0.000;1.400;
VAL;7/15/2014 1:57:39 PM;0.000;0.029;0.000;0.000;0.500;
VAL;7/15/2014 1:58:09 PM;0.000;0.029;0.000;0.000;0.300;
VAL;7/15/2014 1:58:39 PM;0.000;0.029;0.000;0.000;0.200;
VAL;7/15/2014 1:59:09 PM;0.000;0.029;0.000;0.000;0.000;
VAL;7/15/2014 1:59:39 PM;0.000;0.029;0.000;0.000;0.000;
VAL;7/15/2014 2:00:09 PM;0.000;0.029;0.000;0.000;0.000;
VAL;7/15/2014 2:00:39 PM;0.000;0.029;0.000;0.000;0.000;
VAL;7/15/2014 2:01:09 PM;0.000;0.029;0.000;0.000;0.000;
VAL;7/15/2014 2:01:39 PM;0.000;0.029;0.000;0.000;0.000;
VAL;7/15/2014 2:02:09 PM;0.000;0.029;0.000;0.000;0.000;
VAL;7/15/2014 2:02:39 PM;0.000;0.029;0.000;0.000;0.000;
VAL;7/15/2014 2:03:09 PM;0.000;0.029;0.000;0.000;0.000;
VAL;7/15/2014 2:03:39 PM;0.000;0.029;0.000;0.000;0.000;
VAL;7/15/2014 2:04:09 PM;0.000;0.029;0.000;0.000;0.000;
VAL;7/15/2014 2:04:39 PM;0.000;0.029;0.000;0.000;0.000;
VAL;7/15/2014 2:05:09 PM;0.000;0.029;0.000;0.000;0.000;
VAL;7/15/2014 2:05:39 PM;0.000;0.029;0.000;0.000;0.000;
VAL;7/15/2014 2:06:09 PM;0.000;0.029;0.000;0.000;0.000;
VAL;7/15/2014 2:06:39 PM;0.000;0.029;0.000;0.000;0.000;
VAL;7/15/2014 2:07:09 PM;0.000;0.029;0.000;0.000;0.000;
VAL;7/15/2014 2:07:39 PM;0.000;0.039;0.000;0.000;0.000;
VAL;7/15/2014 2:08:09 PM;0.000;0.039;0.000;0.000;0.000;
VAL;7/15/2014 2:08:39 PM;0.000;0.029;0.000;0.000;0.000;
EVE;7/15/2014 2:08:52 PM;Zero-calibration done(3,1)
VAL;7/15/2014 2:09:09 PM;0.000;0.019;0.000;NEG;0.000;
VAL;7/15/2014 2:09:39 PM;0.000;0.009;0.000;0.000;0.000;
VAL;7/15/2014 2:10:09 PM;0.000;0.029;0.000;0.000;0.000;
EVE;7/15/2014 2:10:29 PM;Calibration-settings changed(3,1: 43 4F 32 20 00 56 6F 6C 25 20 00 00 40 9C 46 00 00 00 00)
VAL;7/15/2014 2:10:39 PM;0.000;0.029;0.000;0.000;0.000;
VAL;7/15/2014 2:11:09 PM;0.000;0.029;0.000;0.000;1.700;
VAL;7/15/2014 2:11:39 PM;0.900;1.400;56.00;29.00;11.80;
VAL;7/15/2014 2:12:09 PM;1.900;1.599;57.00;39.00;14.90;
VAL;7/15/2014 2:12:39 PM;2.900;1.640;57.00;43.00;18.00;
EVE;7/15/2014 2:13:00 PM;Measure value out of range(3,4)
VAL;7/15/2014 2:13:09 PM;3.600;1.700;57.00;47.00;INV;
EVE;7/15/2014 2:13:38 PM;Span-calibration done(3,1)
EVE;7/15/2014 2:13:38 PM;Unknown Event(1,1: 00)
VAL;7/15/2014 2:13:39 PM;4.100;2.000;57.00;50.00;INV;
EVE;7/15/2014 2:13:50 PM;Measure Value back in range(3,4)
VAL;7/15/2014 2:14:09 PM;4.200;2.000;57.00;51.00;INV;
VAL;7/15/2014 2:14:39 PM;3.500;0.460;6.000;19.00;3.100;
VAL;7/15/2014 2:15:09 PM;1.500;0.230;0.000;9.000;1.800;
VAL;7/15/2014 2:15:39 PM;0.700;0.140;0.000;6.000;1.200;
VAL;7/15/2014 2:16:09 PM;0.500;0.090;0.000;6.000;1.100;
VAL;7/15/2014 2:16:39 PM;0.400;0.710;34.00;15.00;16.20;
VAL;7/15/2014 2:17:09 PM;43.00;0.790;18.00;16.00;7.700;
VAL;7/15/2014 2:17:39 PM;46.00;0.029;0.000;6.000;1.700;
EVE;7/15/2014 2:18:01 PM;Span-calibration done(3,0)
EVE;7/15/2014 2:18:01 PM;Unknown Event(1,0: 00)
VAL;7/15/2014 2:18:09 PM;50.00;0.019;0.000;4.000;1.300;
VAL;7/15/2014 2:18:39 PM;50.00;0.019;0.000;8.000;1.100;
VAL;7/15/2014 2:19:09 PM;17.50;0.029;93.00;5.000;0.900;
VAL;7/15/2014 2:19:39 PM;6.500;0.019;103.0;0.000;0.900;
VAL;7/15/2014 2:20:09 PM;1.700;0.000;103.0;0.000;0.800;
VAL;7/15/2014 2:20:39 PM;0.800;NEG;104.0;0.000;0.800;
EVE;7/15/2014 2:20:46 PM;Span-calibration done(3,2)
EVE;7/15/2014 2:20:46 PM;Unknown Event(1,2: 00)
VAL;7/15/2014 2:21:09 PM;0.500;NEG;104.0;2.000;0.700;
EVE;7/15/2014 2:21:11 PM;Alarm A1 on (3,2)
EVE;7/15/2014 2:21:14 PM;Alarm acknowledged(3,2)
EVE;7/15/2014 2:21:16 PM;Alarm A1 off(3,2)
VAL;7/15/2014 2:21:39 PM;0.300;0.019;64.00;5.000;0.700;
VAL;7/15/2014 2:22:09 PM;0.300;0.029;3.000;3.000;0.500;
VAL;7/15/2014 2:22:39 PM;0.200;0.029;0.000;2.000;0.400;
VAL;7/15/2014 2:23:09 PM;0.200;0.029;0.000;0.000;0.400;
VAL;7/15/2014 2:23:39 PM;0.200;0.029;0.000;0.000;0.400;
VAL;7/15/2014 2:24:09 PM;0.200;0.029;0.000;2.000;0.400;
VAL;7/15/2014 2:24:39 PM;0.200;0.029;0.000;0.000;0.400;
VAL;7/15/2014 2:25:09 PM;0.200;0.029;0.000;0.000;0.400;
VAL;7/15/2014 2:25:39 PM;0.100;0.029;0.000;0.000;0.300;
VAL;7/15/2014 2:26:09 PM;0.100;0.029;0.000;0.000;0.300;
VAL;7/15/2014 2:26:39 PM;0.100;0.029;0.000;0.000;0.300;
VAL;7/15/2014 2:27:09 PM;0.100;0.029;0.000;0.000;0.300;
VAL;7/15/2014 2:27:39 PM;0.100;0.029;0.000;0.000;0.300;
VAL;7/15/2014 2:28:09 PM;0.100;0.029;0.000;0.000;0.300;
VAL;7/15/2014 2:28:39 PM;0.000;0.029;0.000;0.000;0.300;
VAL;7/15/2014 2:29:09 PM;0.000;0.029;0.000;0.000;0.300;
VAL;7/15/2014 2:29:39 PM;0.000;0.029;0.000;0.000;0.300;
VAL;7/15/2014 2:30:09 PM;0.100;0.049;0.000;0.000;0.300;
VAL;7/15/2014 2:30:39 PM;0.000;0.049;0.000;0.000;0.300;
VAL;7/15/2014 2:31:09 PM;0.000;0.070;0.000;0.000;0.300;
VAL;7/15/2014 2:31:39 PM;0.000;0.079;0.000;0.000;0.300;
VAL;7/15/2014 2:32:09 PM;0.100;0.070;0.000;3.000;0.300;
EVE;7/15/2014 2:32:25 PM;Pump on(2,255)
EVE;7/15/2014 2:32:34 PM;Pump off(1,255)
EVE;7/15/2014 2:32:34 PM;Flowalarm on(1,255)
EVE;7/15/2014 2:32:34 PM;Device error on(3,255)
VAL;7/15/2014 2:32:39 PM;0.100;0.059;0.000;0.000;0.300;
EVE;7/15/2014 2:32:41 PM;Flowalarm off(1,255)
EVE;7/15/2014 2:32:41 PM;Device error off(3,255)
EVE;7/15/2014 2:32:44 PM;Pump off(2,255)
VAL;7/15/2014 2:33:09 PM;0.100;0.039;0.000;0.000;0.300;
VAL;7/15/2014 2:33:39 PM;0.100;0.039;0.000;0.000;0.200;
VAL;7/15/2014 2:34:09 PM;0.100;0.049;0.000;0.000;0.200;
VAL;7/15/2014 2:34:39 PM;0.200;0.070;0.000;0.000;0.200;
VAL;7/15/2014 2:35:09 PM;0.200;0.079;0.000;0.000;0.200;
VAL;7/15/2014 2:35:39 PM;0.200;0.070;0.000;0.000;0.200;
VAL;7/15/2014 2:36:09 PM;0.200;0.059;0.000;0.000;0.200;
VAL;7/15/2014 2:36:39 PM;0.200;0.049;0.000;0.000;0.200;
VAL;7/15/2014 2:37:09 PM;0.200;0.049;0.000;0.000;0.200;
VAL;7/15/2014 2:37:39 PM;0.200;0.039;0.000;0.000;0.200;
VAL;7/15/2014 2:38:09 PM;0.200;0.029;0.000;0.000;0.200;
VAL;7/15/2014 2:38:39 PM;0.200;0.029;0.000;0.000;0.200;
VAL;7/15/2014 2:39:09 PM;0.200;0.039;0.000;0.000;0.200;
VAL;7/15/2014 2:39:39 PM;0.200;0.049;0.000;0.000;0.200;
VAL;7/15/2014 2:40:09 PM;0.100;0.039;0.000;0.000;0.200;
VAL;7/15/2014 2:40:39 PM;0.000;0.029;0.000;0.000;0.200;
VAL;7/15/2014 2:41:09 PM;0.000;0.029;0.000;0.000;0.200;
VAL;7/15/2014 2:41:39 PM;0.000;0.029;0.000;0.000;0.000;
VAL;7/15/2014 2:42:09 PM;0.000;0.029;0.000;0.000;0.000;
VAL;7/15/2014 2:42:39 PM;0.000;0.029;0.000;0.000;0.000;
VAL;7/15/2014 2:43:09 PM;0.000;0.029;0.000;0.000;0.000;
VAL;7/15/2014 2:43:39 PM;0.000;0.029;0.000;0.000;0.000;
VAL;7/15/2014 2:44:09 PM;0.000;0.029;0.000;0.000;0.000;
VAL;7/15/2014 2:44:39 PM;0.000;0.029;0.000;0.000;0.000;
VAL;7/15/2014 2:45:09 PM;0.000;0.029;0.000;0.000;0.000;
VAL;7/15/2014 2:45:39 PM;0.000;0.029;0.000;0.000;0.000;
VAL;7/15/2014 2:46:09 PM;0.000;0.029;0.000;0.000;0.000;
VAL;7/15/2014 2:46:39 PM;0.000;0.029;0.000;0.000;0.000;
VAL;7/15/2014 2:47:09 PM;0.000;0.029;0.000;0.000;0.000;
VAL;7/15/2014 2:47:39 PM;0.000;0.029;0.000;0.000;0.000;
VAL;7/15/2014 2:48:09 PM;0.000;0.029;0.000;0.000;0.000;
VAL;7/15/2014 2:48:39 PM;0.000;0.029;0.000;0.000;0.000;
VAL;7/15/2014 2:49:09 PM;0.000;0.029;0.000;0.000;0.000;
VAL;7/15/2014 2:49:39 PM;0.000;0.029;0.000;0.000;0.000;
VAL;7/15/2014 2:50:09 PM;0.000;0.029;0.000;0.000;0.000;
VAL;7/15/2014 2:50:39 PM;0.000;0.029;0.000;0.000;0.000;
VAL;7/15/2014 2:51:09 PM;0.000;0.029;0.000;0.000;0.000;
EVE;7/15/2014 2:51:10 PM;Instrument switch off(1,0)
SESSION_HEADER;Peak;30;7/15/2014 2:52:21 PM;7/16/2014 9:27:06 AM;X-am 7000;ARAA0098;1;PERSONAL-ID;2.02W
GASTYPE;;CH4;CO2;CO;NH3;SO2;
UNITNAME;;Vol%;Vol%;ppm;ppm;ppm;
GAS_A1;;0.88;0.50;30.00;20.00;2.00;
GAS_A2;;1.76;1.00;60.00;40.00;4.00;
RANGE;;100.00;5.00;500.00;200.00;20.00;
SERIALNO;;ARZJ0013;ARAK0001;ARZM0586;ARYM0049;ARWM0078;
PARTNO;;6810460;6810590;6810258;6809145;6809160;
CALDATE;;7/15/2014;7/15/2014;7/15/2014;7/15/2014;7/15/2014;
SENSORTYPE;;HPP-IR;HPP-IR;EC;EC;EC;
EVE;7/15/2014 2:52:21 PM;Charging process started(0,0)
EVE;7/16/2014 8:05:32 AM;Charging process finished(0,0)
EVE;7/16/2014 8:06:04 AM;Instrument switch on(1,0)
EVE;7/16/2014 8:06:07 AM;Begin of Shift(1,0)
EVE;7/16/2014 8:06:07 AM;Begin of Shift(1,1)
EVE;7/16/2014 8:06:07 AM;Begin of Shift(1,2)
EVE;7/16/2014 8:06:07 AM;Begin of Shift(1,3)
EVE;7/16/2014 8:06:07 AM;Begin of Shift(1,4)
VAL;7/16/2014 8:06:34 AM;INV;INV;INV;INV;INV;
VAL;7/16/2014 8:07:04 AM;0.000;0.029;0.000;0.000;0.000;
VAL;7/16/2014 8:07:34 AM;0.000;0.029;0.000;0.000;0.000;
VAL;7/16/2014 8:08:04 AM;0.000;0.029;0.000;0.000;0.000;
VAL;7/16/2014 8:08:34 AM;0.000;0.029;0.000;0.000;0.000;
VAL;7/16/2014 8:09:04 AM;0.000;0.029;0.000;0.000;0.000;
VAL;7/16/2014 8:09:34 AM;0.000;0.029;0.000;0.000;0.000;
VAL;7/16/2014 8:10:04 AM;0.000;0.029;0.000;0.000;0.000;
VAL;7/16/2014 8:10:34 AM;0.000;0.029;0.000;0.000;0.000;
VAL;7/16/2014 8:11:04 AM;0.000;0.029;0.000;0.000;0.000;
VAL;7/16/2014 8:11:34 AM;0.000;0.029;0.000;0.000;0.000;
VAL;7/16/2014 8:12:04 AM;0.000;0.029;0.000;0.000;0.000;
VAL;7/16/2014 8:12:34 AM;0.000;0.029;0.000;0.000;0.000;
VAL;7/16/2014 8:13:04 AM;0.000;0.029;0.000;0.000;0.000;
VAL;7/16/2014 8:13:34 AM;0.000;0.029;0.000;0.000;0.000;
VAL;7/16/2014 8:14:04 AM;0.000;0.029;0.000;0.000;0.000;
VAL;7/16/2014 8:14:34 AM;0.000;0.029;0.000;0.000;0.000;
VAL;7/16/2014 8:15:04 AM;0.000;0.029;0.000;0.000;0.000;
VAL;7/16/2014 8:15:34 AM;0.000;0.029;0.000;0.000;0.000;
VAL;7/16/2014 8:16:04 AM;0.000;0.029;0.000;0.000;0.000;
VAL;7/16/2014 8:16:34 AM;0.000;0.029;0.000;0.000;0.000;
VAL;7/16/2014 8:17:04 AM;0.000;0.029;0.000;0.000;0.000;
VAL;7/16/2014 8:17:34 AM;0.000;0.029;0.000;0.000;0.000;
VAL;7/16/2014 8:18:04 AM;0.000;0.029;0.000;0.000;0.000;
VAL;7/16/2014 8:18:34 AM;0.000;0.029;0.000;0.000;0.000;
VAL;7/16/2014 8:19:04 AM;0.000;0.029;0.000;0.000;0.000;
VAL;7/16/2014 8:19:34 AM;0.000;0.029;0.000;0.000;0.000;
VAL;7/16/2014 8:20:04 AM;0.000;0.029;0.000;0.000;0.000;
VAL;7/16/2014 8:20:34 AM;0.000;0.029;0.000;0.000;0.000;
VAL;7/16/2014 8:21:04 AM;0.000;0.029;0.000;0.000;0.000;
VAL;7/16/2014 8:21:34 AM;0.000;0.029;0.000;0.000;0.000;
VAL;7/16/2014 8:22:04 AM;0.000;0.029;0.000;0.000;0.000;
VAL;7/16/2014 8:22:34 AM;0.000;0.029;0.000;0.000;0.000;
VAL;7/16/2014 8:23:04 AM;0.000;0.029;0.000;0.000;0.000;
VAL;7/16/2014 8:23:34 AM;0.000;0.029;0.000;0.000;0.000;
VAL;7/16/2014 8:24:04 AM;0.000;0.029;0.000;0.000;0.000;
VAL;7/16/2014 8:24:34 AM;0.000;0.029;0.000;0.000;0.000;
VAL;7/16/2014 8:25:04 AM;0.000;0.029;0.000;0.000;0.000;
VAL;7/16/2014 8:25:34 AM;0.000;0.029;0.000;0.000;0.000;
VAL;7/16/2014 8:26:04 AM;0.000;0.029;0.000;0.000;0.000;
VAL;7/16/2014 8:26:34 AM;0.000;0.029;0.000;0.000;0.000;
VAL;7/16/2014 8:27:04 AM;0.000;0.029;0.000;0.000;0.000;
VAL;7/16/2014 8:27:34 AM;0.000;0.029;0.000;0.000;0.000;
VAL;7/16/2014 8:28:04 AM;0.000;0.029;0.000;0.000;0.000;
VAL;7/16/2014 8:28:34 AM;0.000;0.029;0.000;0.000;0.000;
VAL;7/16/2014 8:29:04 AM;0.000;0.029;0.000;0.000;0.000;
VAL;7/16/2014 8:29:34 AM;0.000;0.029;0.000;0.000;0.000;
VAL;7/16/2014 8:30:04 AM;0.000;0.029;0.000;0.000;0.000;
VAL;7/16/2014 8:30:34 AM;0.000;0.029;0.000;0.000;0.000;
VAL;7/16/2014 8:31:04 AM;0.000;0.029;0.000;0.000;0.000;
VAL;7/16/2014 8:31:34 AM;0.000;0.029;0.000;0.000;0.000;
VAL;7/16/2014 8:32:04 AM;0.000;0.029;0.000;0.000;0.000;
VAL;7/16/2014 8:32:34 AM;0.000;0.029;0.000;0.000;0.000;
VAL;7/16/2014 8:33:04 AM;0.000;0.029;0.000;0.000;0.000;
VAL;7/16/2014 8:33:34 AM;0.000;0.029;0.000;0.000;0.000;
VAL;7/16/2014 8:34:04 AM;0.000;0.029;0.000;0.000;0.000;
VAL;7/16/2014 8:34:34 AM;0.000;0.029;0.000;0.000;0.000;
VAL;7/16/2014 8:35:04 AM;0.000;0.029;0.000;0.000;0.000;
VAL;7/16/2014 8:35:34 AM;0.000;0.029;0.000;0.000;0.000;
VAL;7/16/2014 8:36:04 AM;0.000;0.029;0.000;0.000;0.000;
VAL;7/16/2014 8:36:34 AM;0.000;0.029;0.000;0.000;0.000;
VAL;7/16/2014 8:37:04 AM;0.000;0.029;0.000;0.000;0.000;
VAL;7/16/2014 8:37:34 AM;0.000;0.029;0.000;0.000;0.000;
VAL;7/16/2014 8:38:04 AM;0.000;0.029;0.000;0.000;0.000;
VAL;7/16/2014 8:38:34 AM;0.000;0.029;0.000;0.000;0.000;
VAL;7/16/2014 8:39:04 AM;0.000;0.029;0.000;0.000;0.000;
VAL;7/16/2014 8:39:34 AM;0.000;0.029;0.000;0.000;0.000;
VAL;7/16/2014 8:40:04 AM;0.000;0.029;0.000;0.000;0.000;
VAL;7/16/2014 8:40:34 AM;0.000;0.029;0.000;0.000;0.000;
VAL;7/16/2014 8:41:04 AM;0.000;0.029;0.000;0.000;0.000;
VAL;7/16/2014 8:41:34 AM;0.000;0.029;0.000;0.000;0.000;
VAL;7/16/2014 8:42:04 AM;0.000;0.029;0.000;0.000;0.000;
VAL;7/16/2014 8:42:34 AM;0.000;0.029;0.000;0.000;0.000;
VAL;7/16/2014 8:43:04 AM;0.000;0.029;0.000;0.000;0.000;
VAL;7/16/2014 8:43:34 AM;0.000;0.029;0.000;0.000;0.000;
VAL;7/16/2014 8:44:04 AM;0.000;0.029;0.000;0.000;0.000;
VAL;7/16/2014 8:44:34 AM;0.000;0.029;0.000;0.000;0.000;
VAL;7/16/2014 8:45:04 AM;0.000;0.029;0.000;0.000;0.000;
VAL;7/16/2014 8:45:34 AM;0.000;0.029;0.000;0.000;0.000;
VAL;7/16/2014 8:46:04 AM;0.000;0.029;0.000;0.000;0.000;
VAL;7/16/2014 8:46:34 AM;0.000;0.029;0.000;0.000;0.000;
VAL;7/16/2014 8:47:04 AM;0.000;0.029;0.000;0.000;0.000;
VAL;7/16/2014 8:47:34 AM;0.000;0.029;0.000;0.000;0.000;
VAL;7/16/2014 8:48:04 AM;0.000;0.029;0.000;0.000;0.000;
VAL;7/16/2014 8:48:34 AM;0.000;0.029;0.000;0.000;0.000;
VAL;7/16/2014 8:49:04 AM;0.000;0.029;0.000;0.000;0.000;
VAL;7/16/2014 8:49:34 AM;0.000;0.029;0.000;0.000;0.000;
VAL;7/16/2014 8:50:04 AM;0.000;0.029;0.000;0.000;0.000;
VAL;7/16/2014 8:50:34 AM;0.000;0.029;0.000;0.000;0.000;
VAL;7/16/2014 8:51:04 AM;0.000;0.029;0.000;0.000;0.000;
VAL;7/16/2014 8:51:34 AM;0.000;0.029;0.000;0.000;0.000;
VAL;7/16/2014 8:52:04 AM;0.000;0.029;0.000;0.000;0.000;
VAL;7/16/2014 8:52:34 AM;0.000;0.029;0.000;0.000;0.000;
VAL;7/16/2014 8:53:04 AM;0.000;0.029;0.000;0.000;0.000;
VAL;7/16/2014 8:53:34 AM;0.000;0.029;0.000;0.000;0.000;
VAL;7/16/2014 8:54:04 AM;0.000;0.029;0.000;0.000;0.000;
VAL;7/16/2014 8:54:34 AM;0.000;0.029;0.000;0.000;0.000;
VAL;7/16/2014 8:55:04 AM;0.000;0.029;0.000;0.000;0.000;
VAL;7/16/2014 8:55:34 AM;0.000;0.029;0.000;0.000;0.000;
VAL;7/16/2014 8:56:04 AM;0.000;0.029;0.000;0.000;0.000;
VAL;7/16/2014 8:56:34 AM;0.000;0.029;0.000;0.000;0.000;
VAL;7/16/2014 8:57:04 AM;0.000;0.029;0.000;0.000;0.000;
VAL;7/16/2014 8:57:34 AM;0.000;0.029;0.000;0.000;0.000;
VAL;7/16/2014 8:58:04 AM;0.000;0.029;0.000;0.000;0.000;
VAL;7/16/2014 8:58:34 AM;0.000;0.029;0.000;0.000;0.000;
VAL;7/16/2014 8:59:04 AM;0.000;0.029;0.000;0.000;0.000;
VAL;7/16/2014 8:59:34 AM;0.000;0.029;0.000;0.000;0.000;
VAL;7/16/2014 9:00:04 AM;0.000;0.029;0.000;0.000;0.000;
VAL;7/16/2014 9:00:34 AM;0.000;0.029;0.000;0.000;0.000;
VAL;7/16/2014 9:01:04 AM;0.000;0.029;0.000;0.000;0.000;
VAL;7/16/2014 9:01:34 AM;0.000;0.029;0.000;0.000;0.000;
VAL;7/16/2014 9:02:04 AM;0.000;0.029;0.000;0.000;0.000;
VAL;7/16/2014 9:02:34 AM;0.000;0.029;0.000;0.000;0.000;
VAL;7/16/2014 9:03:04 AM;0.000;0.029;0.000;0.000;0.000;
VAL;7/16/2014 9:03:34 AM;0.000;0.029;0.000;0.000;0.000;
VAL;7/16/2014 9:04:04 AM;0.000;0.029;0.000;0.000;0.000;
VAL;7/16/2014 9:04:34 AM;0.000;0.029;0.000;0.000;0.000;
VAL;7/16/2014 9:05:04 AM;0.000;0.029;0.000;0.000;0.000;
VAL;7/16/2014 9:05:34 AM;0.000;0.029;0.000;0.000;0.000;
VAL;7/16/2014 9:06:04 AM;0.000;0.029;0.000;0.000;0.000;
VAL;7/16/2014 9:06:34 AM;0.000;0.029;0.000;0.000;0.000;
VAL;7/16/2014 9:07:04 AM;0.000;0.029;0.000;0.000;0.000;
VAL;7/16/2014 9:07:34 AM;0.000;0.029;0.000;0.000;0.000;
VAL;7/16/2014 9:08:04 AM;0.000;0.029;0.000;0.000;0.000;
VAL;7/16/2014 9:08:34 AM;0.000;0.029;0.000;0.000;0.000;
VAL;7/16/2014 9:09:04 AM;0.000;0.029;0.000;0.000;0.000;
VAL;7/16/2014 9:09:34 AM;0.000;0.029;0.000;0.000;0.000;
VAL;7/16/2014 9:10:04 AM;0.000;0.029;0.000;0.000;0.000;
VAL;7/16/2014 9:10:34 AM;0.000;0.029;0.000;0.000;0.000;
VAL;7/16/2014 9:11:04 AM;0.000;0.029;0.000;0.000;0.000;
VAL;7/16/2014 9:11:34 AM;0.000;0.029;0.000;0.000;0.000;
VAL;7/16/2014 9:12:04 AM;0.000;0.029;0.000;0.000;0.000;
VAL;7/16/2014 9:12:34 AM;0.000;0.029;0.000;0.000;0.000;
VAL;7/16/2014 9:13:04 AM;0.000;0.029;0.000;0.000;0.000;
VAL;7/16/2014 9:13:34 AM;0.000;0.029;0.000;0.000;0.000;
VAL;7/16/2014 9:14:04 AM;0.000;0.029;0.000;0.000;0.000;
VAL;7/16/2014 9:14:34 AM;0.000;0.029;0.000;0.000;0.000;
VAL;7/16/2014 9:15:04 AM;0.000;0.029;0.000;0.000;0.000;
VAL;7/16/2014 9:15:34 AM;0.000;0.029;0.000;0.000;0.000;
VAL;7/16/2014 9:16:04 AM;0.000;0.029;0.000;0.000;0.000;
VAL;7/16/2014 9:16:34 AM;0.000;0.029;0.000;0.000;0.000;
VAL;7/16/2014 9:17:04 AM;0.000;0.029;0.000;0.000;0.000;
VAL;7/16/2014 9:17:34 AM;0.000;0.029;0.000;0.000;0.000;
VAL;7/16/2014 9:18:04 AM;0.000;0.029;0.000;0.000;0.000;
VAL;7/16/2014 9:18:34 AM;0.000;0.029;0.000;0.000;0.000;
VAL;7/16/2014 9:19:04 AM;0.000;0.029;0.000;0.000;0.000;
VAL;7/16/2014 9:19:34 AM;0.000;0.029;0.000;0.000;0.000;
VAL;7/16/2014 9:20:04 AM;0.000;0.029;0.000;0.000;0.000;
VAL;7/16/2014 9:20:34 AM;0.000;0.029;0.000;0.000;0.000;
VAL;7/16/2014 9:21:04 AM;0.000;0.029;0.000;0.000;0.000;
VAL;7/16/2014 9:21:34 AM;0.000;0.029;0.000;0.000;0.000;
VAL;7/16/2014 9:22:04 AM;0.000;0.029;0.000;0.000;0.000;
VAL;7/16/2014 9:22:34 AM;0.000;0.029;0.000;0.000;0.000;
VAL;7/16/2014 9:23:04 AM;0.000;0.029;0.000;0.000;0.000;
VAL;7/16/2014 9:23:34 AM;0.000;0.029;0.000;0.000;0.000;
VAL;7/16/2014 9:24:04 AM;0.000;0.029;0.000;0.000;0.000;
VAL;7/16/2014 9:24:34 AM;0.000;0.029;0.000;0.000;0.000;
VAL;7/16/2014 9:25:04 AM;0.000;0.029;0.000;0.000;0.000;
VAL;7/16/2014 9:25:34 AM;0.000;0.029;0.000;0.000;0.000;
VAL;7/16/2014 9:26:04 AM;0.000;0.029;0.000;0.000;0.000;
VAL;7/16/2014 9:26:34 AM;0.000;0.029;0.000;0.000;0.000;
VAL;7/16/2014 9:27:04 AM;0.000;0.029;0.000;0.000;0.000;
EVE;7/16/2014 9:27:06 AM;Instrument switch off(1,0)
SESSION_HEADER;Peak;30;7/16/2014 11:01:40 AM;7/16/2014 1:22:25 PM;X-am 7000;ARAA0098;1;PERSONAL-ID;2.02W
GASTYPE;;CH4;CO2;CO;NH3;SO2;
UNITNAME;;Vol%;Vol%;ppm;ppm;ppm;
GAS_A1;;0.88;0.50;30.00;20.00;2.00;
GAS_A2;;1.76;1.00;60.00;40.00;4.00;
RANGE;;100.00;5.00;500.00;200.00;20.00;
SERIALNO;;ARZJ0013;ARAK0001;ARZM0586;ARYM0049;ARWM0078;
PARTNO;;6810460;6810590;6810258;6809145;6809160;
CALDATE;;7/15/2014;7/15/2014;7/15/2014;7/15/2014;7/15/2014;
SENSORTYPE;;HPP-IR;HPP-IR;EC;EC;EC;
EVE;7/16/2014 11:01:40 AM;Instrument switch on(1,0)
EVE;7/16/2014 11:01:43 AM;Begin of Shift(1,0)
EVE;7/16/2014 11:01:43 AM;Begin of Shift(1,1)
EVE;7/16/2014 11:01:43 AM;Begin of Shift(1,2)
EVE;7/16/2014 11:01:43 AM;Begin of Shift(1,3)
EVE;7/16/2014 11:01:43 AM;Begin of Shift(1,4)
VAL;7/16/2014 11:02:10 AM;INV;INV;INV;INV;INV;
VAL;7/16/2014 11:02:40 AM;0.000;0.029;0.000;0.000;0.000;
VAL;7/16/2014 11:03:10 AM;0.000;0.029;0.000;0.000;0.000;
VAL;7/16/2014 11:03:40 AM;0.000;0.029;0.000;0.000;0.000;
VAL;7/16/2014 11:04:10 AM;0.000;0.029;0.000;0.000;0.000;
VAL;7/16/2014 11:04:40 AM;0.000;0.029;0.000;0.000;0.000;
VAL;7/16/2014 11:05:10 AM;0.000;0.029;0.000;0.000;0.000;
VAL;7/16/2014 11:05:40 AM;0.000;0.029;0.000;0.000;0.000;
VAL;7/16/2014 11:06:10 AM;0.000;0.029;0.000;0.000;0.000;
VAL;7/16/2014 11:06:40 AM;0.000;0.029;0.000;0.000;0.000;
VAL;7/16/2014 11:07:10 AM;0.000;0.029;0.000;0.000;0.000;
VAL;7/16/2014 11:07:40 AM;0.000;0.029;0.000;0.000;0.000;
VAL;7/16/2014 11:08:10 AM;0.000;0.029;0.000;0.000;0.000;
VAL;7/16/2014 11:08:40 AM;0.000;0.029;0.000;0.000;0.000;
VAL;7/16/2014 11:09:10 AM;0.000;0.029;0.000;0.000;0.000;
VAL;7/16/2014 11:09:40 AM;0.000;0.029;0.000;0.000;0.000;
VAL;7/16/2014 11:10:10 AM;0.000;0.029;0.000;0.000;0.000;
VAL;7/16/2014 11:10:40 AM;0.000;0.029;0.000;0.000;0.000;
VAL;7/16/2014 11:11:10 AM;0.000;0.029;0.000;0.000;0.000;
VAL;7/16/2014 11:11:40 AM;0.000;0.029;0.000;0.000;0.000;
VAL;7/16/2014 11:12:10 AM;0.000;0.029;0.000;0.000;0.000;
VAL;7/16/2014 11:12:40 AM;0.000;0.029;0.000;0.000;0.000;
VAL;7/16/2014 11:13:10 AM;0.000;0.029;0.000;0.000;0.000;
VAL;7/16/2014 11:13:40 AM;0.000;0.029;0.000;0.000;0.000;
VAL;7/16/2014 11:14:10 AM;0.000;0.029;0.000;0.000;0.000;
VAL;7/16/2014 11:14:40 AM;0.000;0.029;0.000;0.000;0.000;
VAL;7/16/2014 11:15:10 AM;0.000;0.039;0.000;0.000;0.000;
VAL;7/16/2014 11:15:40 AM;0.000;0.039;0.000;0.000;0.000;
VAL;7/16/2014 11:16:10 AM;0.000;0.049;0.000;0.000;0.000;
VAL;7/16/2014 11:16:40 AM;0.000;0.049;0.000;0.000;0.000;
VAL;7/16/2014 11:17:10 AM;0.000;0.049;0.000;0.000;0.000;
VAL;7/16/2014 11:17:40 AM;0.000;0.029;0.000;0.000;0.000;
VAL;7/16/2014 11:18:10 AM;0.000;0.029;0.000;0.000;0.000;
VAL;7/16/2014 11:18:40 AM;0.000;0.029;0.000;0.000;0.000;
VAL;7/16/2014 11:19:10 AM;0.000;0.029;0.000;0.000;0.000;
VAL;7/16/2014 11:19:40 AM;0.000;0.029;0.000;0.000;0.000;
VAL;7/16/2014 11:20:10 AM;0.000;0.029;0.000;0.000;0.000;
VAL;7/16/2014 11:20:40 AM;0.000;0.029;0.000;0.000;0.000;
VAL;7/16/2014 11:21:10 AM;0.000;0.029;0.000;0.000;0.000;
VAL;7/16/2014 11:21:40 AM;0.000;0.029;0.000;0.000;0.000;
VAL;7/16/2014 11:22:10 AM;0.000;0.049;0.000;0.000;0.000;
VAL;7/16/2014 11:22:40 AM;0.000;0.049;0.000;0.000;0.000;
VAL;7/16/2014 11:23:10 AM;0.000;0.039;0.000;0.000;0.000;
VAL;7/16/2014 11:23:40 AM;0.000;0.039;0.000;0.000;0.000;
VAL;7/16/2014 11:24:10 AM;0.000;0.039;0.000;0.000;0.000;
VAL;7/16/2014 11:24:40 AM;0.000;0.049;0.000;0.000;0.000;
VAL;7/16/2014 11:25:10 AM;0.000;0.059;0.000;0.000;0.000;
VAL;7/16/2014 11:25:40 AM;0.000;0.049;0.000;0.000;0.000;
VAL;7/16/2014 11:26:10 AM;0.000;0.070;0.000;0.000;0.000;
VAL;7/16/2014 11:26:40 AM;0.000;0.070;0.000;0.000;0.000;
VAL;7/16/2014 11:27:10 AM;0.000;0.049;0.000;0.000;0.000;
VAL;7/16/2014 11:27:40 AM;0.000;0.049;0.000;0.000;0.000;
VAL;7/16/2014 11:28:10 AM;0.000;0.049;0.000;0.000;0.000;
VAL;7/16/2014 11:28:40 AM;0.000;0.049;0.000;0.000;0.000;
VAL;7/16/2014 11:29:10 AM;0.000;0.039;0.000;0.000;0.000;
VAL;7/16/2014 11:29:40 AM;0.000;0.029;0.000;0.000;0.000;
VAL;7/16/2014 11:30:10 AM;0.000;0.029;0.000;0.000;0.000;
VAL;7/16/2014 11:30:40 AM;0.000;0.029;0.000;0.000;0.000;
VAL;7/16/2014 11:31:10 AM;0.000;0.029;0.000;0.000;0.000;
VAL;7/16/2014 11:31:40 AM;0.000;0.029;0.000;0.000;0.000;
VAL;7/16/2014 11:32:10 AM;0.000;0.029;0.000;0.000;0.000;
VAL;7/16/2014 11:32:40 AM;0.000;0.029;0.000;0.000;0.000;
VAL;7/16/2014 11:33:10 AM;0.000;0.029;0.000;0.000;0.000;
VAL;7/16/2014 11:33:40 AM;0.000;0.029;0.000;0.000;0.000;
VAL;7/16/2014 11:34:10 AM;0.000;0.029;0.000;0.000;0.000;
VAL;7/16/2014 11:34:40 AM;0.000;0.029;0.000;0.000;0.000;
VAL;7/16/2014 11:35:10 AM;0.000;0.039;0.000;0.000;0.000;
VAL;7/16/2014 11:35:40 AM;0.000;0.029;0.000;0.000;0.000;
VAL;7/16/2014 11:36:10 AM;0.000;0.029;0.000;0.000;0.000;
VAL;7/16/2014 11:36:40 AM;0.000;0.029;0.000;0.000;0.000;
VAL;7/16/2014 11:37:10 AM;0.000;0.029;0.000;0.000;0.000;
VAL;7/16/2014 11:37:40 AM;0.000;0.029;0.000;0.000;0.000;
VAL;7/16/2014 11:38:10 AM;0.000;0.029;0.000;0.000;0.000;
VAL;7/16/2014 11:38:40 AM;0.000;0.029;0.000;0.000;0.000;
VAL;7/16/2014 11:39:10 AM;0.000;0.029;0.000;0.000;0.000;
VAL;7/16/2014 11:39:40 AM;0.000;0.029;0.000;0.000;0.000;
VAL;7/16/2014 11:40:10 AM;0.000;0.029;0.000;0.000;0.000;
VAL;7/16/2014 11:40:40 AM;0.000;0.029;0.000;0.000;0.000;
VAL;7/16/2014 11:41:10 AM;0.000;0.029;0.000;0.000;0.000;
VAL;7/16/2014 11:41:40 AM;0.000;0.029;0.000;0.000;0.000;
VAL;7/16/2014 11:42:10 AM;0.000;0.029;0.000;0.000;0.000;
VAL;7/16/2014 11:42:40 AM;0.000;0.029;0.000;0.000;0.000;
VAL;7/16/2014 11:43:10 AM;0.000;0.029;0.000;0.000;0.000;
VAL;7/16/2014 11:43:40 AM;0.000;0.029;0.000;0.000;0.000;
VAL;7/16/2014 11:44:10 AM;0.000;0.029;0.000;0.000;0.000;
VAL;7/16/2014 11:44:40 AM;0.000;0.029;0.000;0.000;0.000;
VAL;7/16/2014 11:45:10 AM;0.000;0.029;0.000;0.000;0.000;
VAL;7/16/2014 11:45:40 AM;0.000;0.029;0.000;0.000;0.000;
VAL;7/16/2014 11:46:10 AM;0.000;0.029;0.000;0.000;0.000;
VAL;7/16/2014 11:46:40 AM;0.000;0.029;0.000;0.000;0.000;
VAL;7/16/2014 11:47:10 AM;0.000;0.029;0.000;0.000;0.000;
VAL;7/16/2014 11:47:40 AM;0.000;0.029;0.000;0.000;0.000;
VAL;7/16/2014 11:48:10 AM;0.000;0.029;0.000;0.000;0.000;
VAL;7/16/2014 11:48:40 AM;0.000;0.029;0.000;0.000;0.000;
VAL;7/16/2014 11:49:10 AM;0.000;0.029;0.000;0.000;0.000;
VAL;7/16/2014 11:49:40 AM;0.000;0.029;0.000;0.000;0.000;
VAL;7/16/2014 11:50:10 AM;0.000;0.029;0.000;0.000;0.000;
VAL;7/16/2014 11:50:40 AM;0.000;0.029;0.000;0.000;0.000;
VAL;7/16/2014 11:51:10 AM;0.000;0.029;0.000;0.000;0.000;
VAL;7/16/2014 11:51:40 AM;0.000;0.029;0.000;0.000;0.000;
VAL;7/16/2014 11:52:10 AM;0.000;0.029;0.000;0.000;0.000;
VAL;7/16/2014 11:52:40 AM;0.000;0.029;0.000;0.000;0.000;
VAL;7/16/2014 11:53:10 AM;0.000;0.029;0.000;0.000;0.000;
VAL;7/16/2014 11:53:40 AM;0.000;0.029;0.000;0.000;0.000;
VAL;7/16/2014 11:54:10 AM;0.000;0.029;0.000;0.000;0.000;
VAL;7/16/2014 11:54:40 AM;0.000;0.029;0.000;0.000;0.000;
VAL;7/16/2014 11:55:10 AM;0.000;0.029;0.000;0.000;0.000;
VAL;7/16/2014 11:55:40 AM;0.000;0.029;0.000;0.000;0.000;
VAL;7/16/2014 11:56:10 AM;0.000;0.029;0.000;0.000;0.000;
VAL;7/16/2014 11:56:40 AM;0.000;0.029;0.000;0.000;0.000;
VAL;7/16/2014 11:57:10 AM;0.000;0.029;0.000;0.000;0.000;
VAL;7/16/2014 11:57:40 AM;0.000;0.029;0.000;0.000;0.000;
VAL;7/16/2014 11:58:10 AM;0.000;0.029;0.000;0.000;0.000;
VAL;7/16/2014 11:58:40 AM;0.000;0.029;0.000;0.000;0.000;
VAL;7/16/2014 11:59:10 AM;0.000;0.029;0.000;0.000;0.000;
VAL;7/16/2014 11:59:40 AM;0.000;0.029;0.000;0.000;0.000;
VAL;7/16/2014 12:00:10 PM;0.000;0.029;0.000;0.000;0.000;
VAL;7/16/2014 12:00:40 PM;0.000;0.029;0.000;0.000;0.000;
VAL;7/16/2014 12:01:10 PM;0.000;0.029;0.000;0.000;0.000;
VAL;7/16/2014 12:01:40 PM;0.000;0.029;0.000;0.000;0.000;
VAL;7/16/2014 12:02:10 PM;0.000;0.029;0.000;0.000;0.000;
VAL;7/16/2014 12:02:40 PM;0.000;0.029;0.000;0.000;0.000;
VAL;7/16/2014 12:03:10 PM;0.000;0.029;0.000;0.000;0.000;
VAL;7/16/2014 12:03:40 PM;0.000;0.029;0.000;0.000;0.000;
VAL;7/16/2014 12:04:10 PM;0.000;0.029;0.000;0.000;0.000;
VAL;7/16/2014 12:04:40 PM;0.000;0.029;0.000;0.000;0.000;
VAL;7/16/2014 12:05:10 PM;0.000;0.029;0.000;0.000;0.000;
VAL;7/16/2014 12:05:40 PM;0.000;0.029;0.000;0.000;0.000;
VAL;7/16/2014 12:06:10 PM;0.000;0.029;0.000;0.000;0.000;
VAL;7/16/2014 12:06:40 PM;0.000;0.029;0.000;0.000;0.000;
VAL;7/16/2014 12:07:10 PM;0.000;0.029;0.000;0.000;0.000;
VAL;7/16/2014 12:07:40 PM;0.000;0.029;0.000;0.000;0.000;
VAL;7/16/2014 12:08:10 PM;0.000;0.029;0.000;0.000;0.000;
VAL;7/16/2014 12:08:40 PM;0.000;0.029;0.000;0.000;0.000;
VAL;7/16/2014 12:09:10 PM;0.000;0.029;0.000;0.000;0.000;
VAL;7/16/2014 12:09:40 PM;0.000;0.029;0.000;0.000;0.000;
VAL;7/16/2014 12:10:10 PM;0.000;0.029;0.000;0.000;0.000;
VAL;7/16/2014 12:10:40 PM;0.000;0.029;0.000;0.000;0.000;
VAL;7/16/2014 12:11:10 PM;0.000;0.029;0.000;0.000;0.000;
VAL;7/16/2014 12:11:40 PM;0.000;0.029;0.000;0.000;0.000;
VAL;7/16/2014 12:12:10 PM;0.000;0.029;0.000;0.000;0.000;
VAL;7/16/2014 12:12:40 PM;0.000;0.029;0.000;0.000;0.000;
VAL;7/16/2014 12:13:10 PM;0.000;0.029;0.000;0.000;0.000;
VAL;7/16/2014 12:13:40 PM;0.000;0.029;0.000;0.000;0.000;
VAL;7/16/2014 12:14:10 PM;0.000;0.029;0.000;0.000;0.000;
VAL;7/16/2014 12:14:40 PM;0.000;0.029;0.000;0.000;0.000;
VAL;7/16/2014 12:15:10 PM;0.000;0.029;0.000;0.000;0.000;
VAL;7/16/2014 12:15:40 PM;0.000;0.029;0.000;0.000;0.000;
VAL;7/16/2014 12:16:10 PM;0.000;0.029;0.000;0.000;0.000;
VAL;7/16/2014 12:16:40 PM;0.000;0.029;0.000;0.000;0.000;
VAL;7/16/2014 12:17:10 PM;0.000;0.029;0.000;0.000;0.000;
VAL;7/16/2014 12:17:40 PM;0.000;0.029;0.000;0.000;0.000;
VAL;7/16/2014 12:18:10 PM;0.000;0.029;0.000;0.000;0.000;
VAL;7/16/2014 12:18:40 PM;0.000;0.029;0.000;0.000;0.000;
VAL;7/16/2014 12:19:10 PM;0.000;0.029;0.000;0.000;0.000;
VAL;7/16/2014 12:19:40 PM;0.000;0.029;0.000;0.000;0.000;
VAL;7/16/2014 12:20:10 PM;0.000;0.029;0.000;0.000;0.000;
VAL;7/16/2014 12:20:40 PM;0.000;0.029;0.000;0.000;0.000;
VAL;7/16/2014 12:21:10 PM;0.000;0.029;0.000;0.000;0.000;
VAL;7/16/2014 12:21:40 PM;0.000;0.029;0.000;0.000;0.000;
VAL;7/16/2014 12:22:10 PM;0.000;0.029;0.000;0.000;0.000;
VAL;7/16/2014 12:22:40 PM;0.000;0.029;0.000;0.000;0.000;
VAL;7/16/2014 12:23:10 PM;0.000;0.029;0.000;0.000;0.000;
VAL;7/16/2014 12:23:40 PM;0.000;0.029;0.000;0.000;0.000;
VAL;7/16/2014 12:24:10 PM;0.000;0.029;0.000;0.000;0.000;
VAL;7/16/2014 12:24:40 PM;0.000;0.029;0.000;0.000;0.000;
VAL;7/16/2014 12:25:10 PM;0.000;0.029;0.000;0.000;0.000;
VAL;7/16/2014 12:25:40 PM;0.000;0.029;0.000;0.000;0.000;
VAL;7/16/2014 12:26:10 PM;0.000;0.029;0.000;0.000;0.000;
VAL;7/16/2014 12:26:40 PM;0.000;0.029;0.000;0.000;0.000;
VAL;7/16/2014 12:27:10 PM;0.000;0.029;0.000;0.000;0.000;
VAL;7/16/2014 12:27:40 PM;0.000;0.029;0.000;0.000;0.000;
VAL;7/16/2014 12:28:10 PM;0.000;0.029;0.000;0.000;0.000;
VAL;7/16/2014 12:28:40 PM;0.000;0.029;0.000;0.000;0.000;
VAL;7/16/2014 12:29:10 PM;0.000;0.029;0.000;0.000;0.000;
VAL;7/16/2014 12:29:40 PM;0.000;0.029;0.000;0.000;0.000;
VAL;7/16/2014 12:30:10 PM;0.000;0.029;0.000;0.000;0.000;
VAL;7/16/2014 12:30:40 PM;0.000;0.029;0.000;0.000;0.000;
VAL;7/16/2014 12:31:10 PM;0.000;0.029;0.000;0.000;0.000;
VAL;7/16/2014 12:31:40 PM;0.000;0.029;0.000;0.000;0.000;
VAL;7/16/2014 12:32:10 PM;0.000;0.029;0.000;0.000;0.000;
VAL;7/16/2014 12:32:40 PM;0.000;0.029;0.000;0.000;0.000;
VAL;7/16/2014 12:33:10 PM;0.000;0.029;0.000;0.000;0.000;
VAL;7/16/2014 12:33:40 PM;0.000;0.029;0.000;0.000;0.000;
VAL;7/16/2014 12:34:10 PM;0.000;0.029;0.000;0.000;0.000;
VAL;7/16/2014 12:34:40 PM;0.000;0.029;0.000;0.000;0.000;
VAL;7/16/2014 12:35:10 PM;0.000;0.029;0.000;0.000;0.000;
VAL;7/16/2014 12:35:40 PM;0.000;0.029;0.000;0.000;0.000;
VAL;7/16/2014 12:36:10 PM;0.000;0.029;0.000;0.000;0.000;
VAL;7/16/2014 12:36:40 PM;0.000;0.029;0.000;0.000;0.000;
VAL;7/16/2014 12:37:10 PM;0.000;0.029;0.000;0.000;0.000;
VAL;7/16/2014 12:37:40 PM;0.000;0.029;0.000;0.000;0.000;
VAL;7/16/2014 12:38:10 PM;0.000;0.029;0.000;0.000;0.000;
VAL;7/16/2014 12:38:40 PM;0.000;0.029;0.000;0.000;0.000;
VAL;7/16/2014 12:39:10 PM;0.000;0.029;0.000;0.000;0.000;
VAL;7/16/2014 12:39:40 PM;0.000;0.029;0.000;0.000;0.000;
VAL;7/16/2014 12:40:10 PM;0.000;0.029;0.000;0.000;0.000;
VAL;7/16/2014 12:40:40 PM;0.000;0.029;0.000;0.000;0.000;
VAL;7/16/2014 12:41:10 PM;0.000;0.029;0.000;0.000;0.000;
VAL;7/16/2014 12:41:40 PM;0.000;0.029;0.000;0.000;0.000;
VAL;7/16/2014 12:42:10 PM;0.000;0.029;0.000;0.000;0.000;
VAL;7/16/2014 12:42:40 PM;0.000;0.029;0.000;0.000;0.000;
VAL;7/16/2014 12:43:10 PM;0.000;0.029;0.000;0.000;0.000;
VAL;7/16/2014 12:43:40 PM;0.000;0.029;0.000;0.000;0.000;
VAL;7/16/2014 12:44:10 PM;0.000;0.029;0.000;0.000;0.000;
VAL;7/16/2014 12:44:40 PM;0.000;0.029;0.000;0.000;0.000;
VAL;7/16/2014 12:45:10 PM;0.000;0.029;0.000;0.000;0.000;
VAL;7/16/2014 12:45:40 PM;0.000;0.029;0.000;0.000;0.000;
VAL;7/16/2014 12:46:10 PM;0.000;0.029;0.000;0.000;0.000;
VAL;7/16/2014 12:46:40 PM;0.000;0.029;0.000;0.000;0.000;
VAL;7/16/2014 12:47:10 PM;0.000;0.029;0.000;0.000;0.000;
VAL;7/16/2014 12:47:40 PM;0.000;0.029;0.000;0.000;0.000;
VAL;7/16/2014 12:48:10 PM;0.000;0.029;0.000;0.000;0.000;
VAL;7/16/2014 12:48:40 PM;0.000;0.029;0.000;0.000;0.000;
VAL;7/16/2014 12:49:10 PM;0.000;0.029;0.000;0.000;0.000;
VAL;7/16/2014 12:49:40 PM;0.000;0.029;0.000;0.000;0.000;
VAL;7/16/2014 12:50:10 PM;0.000;0.029;0.000;0.000;0.000;
VAL;7/16/2014 12:50:40 PM;0.000;0.029;0.000;0.000;0.000;
VAL;7/16/2014 12:51:10 PM;0.000;0.029;0.000;0.000;0.000;
VAL;7/16/2014 12:51:40 PM;0.000;0.029;0.000;0.000;0.000;
VAL;7/16/2014 12:52:10 PM;0.000;0.029;0.000;0.000;0.000;
VAL;7/16/2014 12:52:40 PM;0.000;0.029;0.000;0.000;0.000;
VAL;7/16/2014 12:53:10 PM;0.000;0.029;0.000;0.000;0.000;
VAL;7/16/2014 12:53:40 PM;0.000;0.029;0.000;0.000;0.000;
VAL;7/16/2014 12:54:10 PM;0.000;0.029;0.000;0.000;0.000;
VAL;7/16/2014 12:54:40 PM;0.000;0.029;0.000;0.000;0.000;
VAL;7/16/2014 12:55:10 PM;0.000;0.029;0.000;0.000;0.000;
VAL;7/16/2014 12:55:40 PM;0.000;0.029;0.000;0.000;0.000;
VAL;7/16/2014 12:56:10 PM;0.000;0.029;0.000;0.000;0.000;
VAL;7/16/2014 12:56:40 PM;0.000;0.029;0.000;0.000;0.000;
VAL;7/16/2014 12:57:10 PM;0.000;0.029;0.000;0.000;0.000;
VAL;7/16/2014 12:57:40 PM;0.000;0.029;0.000;0.000;0.000;
VAL;7/16/2014 12:58:10 PM;0.000;0.029;0.000;0.000;0.000;
VAL;7/16/2014 12:58:40 PM;0.000;0.029;0.000;0.000;0.000;
VAL;7/16/2014 12:59:10 PM;0.000;0.029;0.000;0.000;0.000;
VAL;7/16/2014 12:59:40 PM;0.000;0.029;0.000;0.000;0.000;
VAL;7/16/2014 1:00:10 PM;0.000;0.029;0.000;0.000;0.000;
VAL;7/16/2014 1:00:40 PM;0.000;0.029;0.000;0.000;0.000;
VAL;7/16/2014 1:01:10 PM;0.000;0.029;0.000;0.000;0.000;
VAL;7/16/2014 1:01:40 PM;0.000;0.029;0.000;0.000;0.000;
VAL;7/16/2014 1:02:10 PM;0.000;0.029;0.000;0.000;0.000;
VAL;7/16/2014 1:02:40 PM;0.000;0.029;0.000;0.000;0.000;
VAL;7/16/2014 1:03:10 PM;0.000;0.029;0.000;0.000;0.000;
VAL;7/16/2014 1:03:40 PM;0.000;0.029;0.000;0.000;0.000;
VAL;7/16/2014 1:04:10 PM;0.000;0.029;0.000;0.000;0.000;
VAL;7/16/2014 1:04:40 PM;0.000;0.029;0.000;0.000;0.000;
VAL;7/16/2014 1:05:10 PM;0.000;0.029;0.000;0.000;0.000;
VAL;7/16/2014 1:05:40 PM;0.000;0.029;0.000;0.000;0.000;
VAL;7/16/2014 1:06:10 PM;0.000;0.029;0.000;0.000;0.000;
VAL;7/16/2014 1:06:40 PM;0.000;0.029;0.000;0.000;0.000;
VAL;7/16/2014 1:07:10 PM;0.000;0.029;0.000;0.000;0.000;
VAL;7/16/2014 1:07:40 PM;0.000;0.029;0.000;0.000;0.000;
VAL;7/16/2014 1:08:10 PM;0.000;0.029;0.000;0.000;0.000;
VAL;7/16/2014 1:08:40 PM;0.000;0.029;0.000;0.000;0.000;
VAL;7/16/2014 1:09:10 PM;0.000;0.029;0.000;0.000;0.000;
VAL;7/16/2014 1:09:40 PM;0.000;0.029;0.000;0.000;0.000;
VAL;7/16/2014 1:10:10 PM;0.000;0.029;0.000;0.000;0.000;
VAL;7/16/2014 1:10:40 PM;0.000;0.029;0.000;0.000;0.000;
VAL;7/16/2014 1:11:10 PM;0.000;0.029;0.000;0.000;0.000;
VAL;7/16/2014 1:11:40 PM;0.000;0.029;0.000;0.000;0.000;
VAL;7/16/2014 1:12:10 PM;0.000;0.029;0.000;0.000;0.000;
VAL;7/16/2014 1:12:40 PM;0.000;0.029;0.000;0.000;0.000;
VAL;7/16/2014 1:13:10 PM;0.000;0.029;0.000;0.000;0.000;
VAL;7/16/2014 1:13:40 PM;0.000;0.029;0.000;0.000;0.000;
VAL;7/16/2014 1:14:10 PM;0.000;0.029;0.000;0.000;0.000;
VAL;7/16/2014 1:14:40 PM;0.000;0.029;0.000;0.000;0.000;
VAL;7/16/2014 1:15:10 PM;0.000;0.029;0.000;0.000;0.000;
VAL;7/16/2014 1:15:40 PM;0.000;0.029;0.000;0.000;0.000;
VAL;7/16/2014 1:16:10 PM;0.000;0.029;0.000;0.000;0.000;
VAL;7/16/2014 1:16:40 PM;0.000;0.029;0.000;0.000;0.000;
VAL;7/16/2014 1:17:10 PM;0.000;0.029;0.000;0.000;0.000;
VAL;7/16/2014 1:17:40 PM;0.000;0.029;0.000;0.000;0.000;
VAL;7/16/2014 1:18:10 PM;0.000;0.029;0.000;0.000;0.000;
VAL;7/16/2014 1:18:40 PM;0.000;0.029;0.000;0.000;0.000;
VAL;7/16/2014 1:19:10 PM;0.000;0.029;0.000;0.000;0.000;
VAL;7/16/2014 1:19:40 PM;0.000;0.029;0.000;0.000;0.000;
VAL;7/16/2014 1:20:10 PM;0.000;0.029;0.000;0.000;0.000;
VAL;7/16/2014 1:20:40 PM;0.000;0.029;0.000;0.000;0.000;
VAL;7/16/2014 1:21:10 PM;0.000;0.029;0.000;0.000;0.000;
VAL;7/16/2014 1:21:40 PM;0.000;0.029;0.000;0.000;0.000;
VAL;7/16/2014 1:22:10 PM;0.000;0.029;0.000;0.000;0.000;
EVE;7/16/2014 1:22:25 PM;Instrument switch off(1,0)
SESSION_HEADER;Peak;30;7/17/2014 12:05:49 PM;7/17/2014 3:51:19 PM;X-am 7000;ARAA0098;1;PERSONAL-ID;2.02W
GASTYPE;;CH4;CO2;CO;NH3;SO2;
UNITNAME;;Vol%;Vol%;ppm;ppm;ppm;
GAS_A1;;0.88;0.50;30.00;20.00;2.00;
GAS_A2;;1.76;1.00;60.00;40.00;4.00;
RANGE;;100.00;5.00;500.00;200.00;20.00;
SERIALNO;;ARZJ0013;ARAK0001;ARZM0586;ARYM0049;ARWM0078;
PARTNO;;6810460;6810590;6810258;6809145;6809160;
CALDATE;;7/15/2014;7/15/2014;7/15/2014;7/15/2014;7/15/2014;
SENSORTYPE;;HPP-IR;HPP-IR;EC;EC;EC;
EVE;7/17/2014 12:05:49 PM;Charging process started(0,0)
EVE;7/17/2014 12:54:38 PM;Charging process finished(0,0)
EVE;7/17/2014 3:23:04 PM;Instrument switch on(1,0)
EVE;7/17/2014 3:23:07 PM;Begin of Shift(1,0)
EVE;7/17/2014 3:23:07 PM;Begin of Shift(1,1)
EVE;7/17/2014 3:23:07 PM;Begin of Shift(1,2)
EVE;7/17/2014 3:23:07 PM;Begin of Shift(1,3)
EVE;7/17/2014 3:23:07 PM;Begin of Shift(1,4)
VAL;7/17/2014 3:23:34 PM;INV;INV;INV;INV;INV;
VAL;7/17/2014 3:24:04 PM;0.000;0.029;0.000;0.000;0.000;
VAL;7/17/2014 3:24:34 PM;0.000;0.029;0.000;0.000;0.000;
VAL;7/17/2014 3:25:04 PM;0.000;0.029;0.000;0.000;0.000;
VAL;7/17/2014 3:25:34 PM;0.000;0.029;0.000;0.000;0.000;
VAL;7/17/2014 3:26:04 PM;0.000;0.039;0.000;0.000;0.000;
VAL;7/17/2014 3:26:34 PM;0.000;0.029;0.000;0.000;0.000;
VAL;7/17/2014 3:27:04 PM;0.000;0.029;0.000;0.000;0.000;
VAL;7/17/2014 3:27:34 PM;0.000;0.029;0.000;0.000;0.000;
VAL;7/17/2014 3:28:04 PM;0.000;0.029;0.000;0.000;0.000;
EVE;7/17/2014 3:28:20 PM;Alarm A1 on (3,1)
EVE;7/17/2014 3:28:33 PM;Alarm A1 off(3,1)
VAL;7/17/2014 3:28:34 PM;0.000;0.900;0.000;0.000;0.000;
VAL;7/17/2014 3:29:04 PM;0.000;0.190;0.000;0.000;0.000;
VAL;7/17/2014 3:29:34 PM;0.000;0.070;0.000;0.000;0.000;
VAL;7/17/2014 3:30:04 PM;0.000;0.059;0.000;0.000;0.000;
EVE;7/17/2014 3:30:16 PM;Alarm A1 on (3,1)
EVE;7/17/2014 3:30:27 PM;Alarm A1 off(3,1)
VAL;7/17/2014 3:30:34 PM;0.000;0.940;0.000;0.000;0.000;
VAL;7/17/2014 3:31:04 PM;0.000;0.140;0.000;0.000;0.000;
VAL;7/17/2014 3:31:34 PM;0.000;0.079;0.000;0.000;0.000;
VAL;7/17/2014 3:32:04 PM;0.000;0.049;0.000;0.000;0.000;
VAL;7/17/2014 3:32:34 PM;0.000;0.029;0.000;0.000;0.000;
VAL;7/17/2014 3:33:04 PM;0.000;0.029;0.000;0.000;0.000;
VAL;7/17/2014 3:33:34 PM;0.000;0.029;0.000;0.000;0.000;
VAL;7/17/2014 3:34:04 PM;0.000;0.029;0.000;0.000;0.000;
VAL;7/17/2014 3:34:34 PM;0.000;0.029;0.000;0.000;0.000;
VAL;7/17/2014 3:35:04 PM;0.000;0.029;0.000;0.000;0.000;
VAL;7/17/2014 3:35:34 PM;0.000;0.029;0.000;0.000;0.000;
VAL;7/17/2014 3:36:04 PM;0.000;0.029;0.000;0.000;0.000;
VAL;7/17/2014 3:36:34 PM;0.000;0.029;0.000;0.000;0.000;
VAL;7/17/2014 3:37:04 PM;0.000;0.029;0.000;0.000;0.000;
VAL;7/17/2014 3:37:34 PM;0.000;0.029;0.000;0.000;0.000;
VAL;7/17/2014 3:38:04 PM;0.000;0.029;0.000;0.000;0.000;
VAL;7/17/2014 3:38:34 PM;0.000;0.029;0.000;0.000;0.000;
VAL;7/17/2014 3:39:04 PM;0.000;0.029;0.000;0.000;0.000;
VAL;7/17/2014 3:39:34 PM;0.000;0.029;0.000;0.000;0.000;
VAL;7/17/2014 3:40:04 PM;0.000;0.029;0.000;0.000;0.000;
VAL;7/17/2014 3:40:34 PM;0.000;0.029;0.000;0.000;0.000;
VAL;7/17/2014 3:41:04 PM;0.000;0.029;0.000;0.000;0.000;
VAL;7/17/2014 3:41:34 PM;0.000;0.029;0.000;0.000;0.000;
VAL;7/17/2014 3:42:04 PM;0.000;0.029;0.000;0.000;0.000;
VAL;7/17/2014 3:42:34 PM;0.000;0.029;0.000;0.000;0.000;
VAL;7/17/2014 3:43:04 PM;0.000;0.029;0.000;0.000;0.000;
VAL;7/17/2014 3:43:34 PM;0.000;0.029;0.000;0.000;0.000;
VAL;7/17/2014 3:44:04 PM;0.000;0.029;0.000;0.000;0.000;
VAL;7/17/2014 3:44:34 PM;0.000;0.029;0.000;0.000;0.000;
VAL;7/17/2014 3:45:04 PM;0.000;0.029;0.000;0.000;0.000;
VAL;7/17/2014 3:45:34 PM;0.000;0.029;0.000;0.000;0.000;
VAL;7/17/2014 3:46:04 PM;0.000;0.029;0.000;0.000;0.000;
VAL;7/17/2014 3:46:34 PM;0.000;0.029;0.000;0.000;0.000;
VAL;7/17/2014 3:47:04 PM;0.000;0.029;0.000;0.000;0.000;
VAL;7/17/2014 3:47:34 PM;0.000;0.029;0.000;0.000;0.000;
VAL;7/17/2014 3:48:04 PM;0.000;0.029;0.000;0.000;0.000;
VAL;7/17/2014 3:48:34 PM;0.000;0.029;0.000;0.000;0.000;
VAL;7/17/2014 3:49:04 PM;0.000;0.029;0.000;0.000;0.000;
VAL;7/17/2014 3:49:34 PM;0.000;0.029;0.000;0.000;0.000;
VAL;7/17/2014 3:50:04 PM;0.000;0.029;0.000;0.000;0.000;
VAL;7/17/2014 3:50:34 PM;0.000;0.029;0.000;0.000;0.000;
VAL;7/17/2014 3:51:04 PM;0.000;0.029;0.000;0.000;0.000;
EVE;7/17/2014 3:51:19 PM;Instrument switch off(1,0)
SESSION_HEADER;Peak;30;7/17/2014 4:25:29 PM;7/17/2014 5:08:24 PM;X-am 7000;ARAA0098;1;PERSONAL-ID;2.02W
GASTYPE;;CH4;CO2;CO;NH3;SO2;
UNITNAME;;Vol%;Vol%;ppm;ppm;ppm;
GAS_A1;;0.88;0.50;30.00;20.00;2.00;
GAS_A2;;1.76;1.00;60.00;40.00;4.00;
RANGE;;100.00;5.00;500.00;200.00;20.00;
SERIALNO;;ARZJ0013;ARAK0001;ARZM0586;ARYM0049;ARWM0078;
PARTNO;;6810460;6810590;6810258;6809145;6809160;
CALDATE;;7/15/2014;7/15/2014;7/15/2014;7/15/2014;7/15/2014;
SENSORTYPE;;HPP-IR;HPP-IR;EC;EC;EC;
EVE;7/17/2014 4:25:29 PM;Instrument switch on(1,0)
EVE;7/17/2014 4:25:32 PM;Begin of Shift(1,0)
EVE;7/17/2014 4:25:32 PM;Begin of Shift(1,1)
EVE;7/17/2014 4:25:32 PM;Begin of Shift(1,2)
EVE;7/17/2014 4:25:32 PM;Begin of Shift(1,3)
EVE;7/17/2014 4:25:32 PM;Begin of Shift(1,4)
VAL;7/17/2014 4:25:59 PM;INV;INV;INV;INV;INV;
VAL;7/17/2014 4:26:29 PM;0.000;0.039;0.000;0.000;0.000;
VAL;7/17/2014 4:26:59 PM;0.000;0.029;0.000;0.000;0.000;
VAL;7/17/2014 4:27:29 PM;0.000;0.029;0.000;0.000;0.000;
VAL;7/17/2014 4:27:59 PM;0.000;0.029;0.000;0.000;0.000;
VAL;7/17/2014 4:28:29 PM;0.000;0.029;0.000;0.000;0.000;
VAL;7/17/2014 4:28:59 PM;0.000;0.029;0.000;0.000;0.000;
VAL;7/17/2014 4:29:29 PM;0.000;0.029;0.000;0.000;0.000;
VAL;7/17/2014 4:29:59 PM;0.000;0.029;0.000;0.000;0.000;
VAL;7/17/2014 4:30:29 PM;0.000;0.029;0.000;0.000;0.000;
VAL;7/17/2014 4:30:59 PM;0.000;0.029;0.000;0.000;0.000;
VAL;7/17/2014 4:31:29 PM;0.000;0.029;0.000;0.000;0.000;
VAL;7/17/2014 4:31:59 PM;0.000;0.029;0.000;0.000;0.000;
VAL;7/17/2014 4:32:29 PM;0.000;0.029;0.000;0.000;0.000;
VAL;7/17/2014 4:32:59 PM;0.000;0.029;0.000;0.000;0.000;
VAL;7/17/2014 4:33:29 PM;0.000;0.029;0.000;0.000;0.000;
VAL;7/17/2014 4:33:59 PM;0.000;0.029;0.000;0.000;0.000;
VAL;7/17/2014 4:34:29 PM;0.000;0.029;0.000;0.000;0.000;
VAL;7/17/2014 4:34:59 PM;0.000;0.029;0.000;0.000;0.000;
VAL;7/17/2014 4:35:29 PM;0.000;0.029;0.000;0.000;0.000;
VAL;7/17/2014 4:35:59 PM;0.000;0.029;0.000;0.000;0.000;
VAL;7/17/2014 4:36:29 PM;0.000;0.039;0.000;0.000;0.000;
VAL;7/17/2014 4:36:59 PM;0.000;0.039;0.000;0.000;0.000;
VAL;7/17/2014 4:37:29 PM;0.000;0.029;0.000;0.000;0.000;
VAL;7/17/2014 4:37:59 PM;0.000;0.029;0.000;0.000;0.000;
VAL;7/17/2014 4:38:29 PM;0.000;0.029;0.000;0.000;0.000;
VAL;7/17/2014 4:38:59 PM;0.000;0.029;0.000;0.000;0.000;
VAL;7/17/2014 4:39:29 PM;0.000;0.029;0.000;0.000;0.000;
EVE;7/17/2014 4:39:46 PM;Alarm A1 on (3,1)
EVE;7/17/2014 4:39:56 PM;Alarm A1 off(3,1)
VAL;7/17/2014 4:39:59 PM;0.000;0.840;0.000;0.000;0.000;
VAL;7/17/2014 4:40:29 PM;0.000;0.180;0.000;0.000;0.000;
VAL;7/17/2014 4:40:59 PM;0.000;0.079;0.000;0.000;0.000;
VAL;7/17/2014 4:41:29 PM;0.000;0.059;0.000;0.000;0.000;
VAL;7/17/2014 4:41:59 PM;0.000;0.049;0.000;0.000;0.000;
VAL;7/17/2014 4:42:29 PM;0.000;0.029;0.000;0.000;0.000;
VAL;7/17/2014 4:42:59 PM;0.000;0.029;0.000;0.000;0.000;
VAL;7/17/2014 4:43:29 PM;0.000;0.029;0.000;0.000;0.000;
VAL;7/17/2014 4:43:59 PM;0.000;0.029;0.000;0.000;0.000;
VAL;7/17/2014 4:44:29 PM;0.000;0.029;0.000;0.000;0.000;
VAL;7/17/2014 4:44:59 PM;0.000;0.029;0.000;0.000;0.000;
VAL;7/17/2014 4:45:29 PM;0.000;0.029;0.000;0.000;0.000;
VAL;7/17/2014 4:45:59 PM;0.000;0.029;0.000;0.000;0.000;
VAL;7/17/2014 4:46:29 PM;0.000;0.029;0.000;0.000;0.000;
VAL;7/17/2014 4:46:59 PM;0.000;0.029;0.000;0.000;0.000;
VAL;7/17/2014 4:47:29 PM;0.000;0.029;0.000;0.000;0.000;
VAL;7/17/2014 4:47:59 PM;0.000;0.029;0.000;0.000;0.000;
VAL;7/17/2014 4:48:29 PM;0.000;0.029;0.000;0.000;0.000;
VAL;7/17/2014 4:48:59 PM;0.000;0.029;0.000;0.000;0.000;
VAL;7/17/2014 4:49:29 PM;0.000;0.029;0.000;0.000;0.000;
VAL;7/17/2014 4:49:59 PM;0.000;0.039;0.000;0.000;0.000;
VAL;7/17/2014 4:50:29 PM;0.000;0.049;0.000;0.000;0.000;
VAL;7/17/2014 4:50:59 PM;0.000;0.049;0.000;0.000;0.000;
VAL;7/17/2014 4:51:29 PM;0.000;0.029;0.000;0.000;0.000;
VAL;7/17/2014 4:51:59 PM;0.000;0.029;0.000;0.000;0.000;
VAL;7/17/2014 4:52:29 PM;0.000;0.029;0.000;0.000;0.000;
VAL;7/17/2014 4:52:59 PM;0.000;0.029;0.000;0.000;0.000;
VAL;7/17/2014 4:53:29 PM;0.000;0.029;0.000;0.000;0.000;
VAL;7/17/2014 4:53:59 PM;0.000;0.029;0.000;0.000;0.000;
VAL;7/17/2014 4:54:29 PM;0.000;0.029;0.000;0.000;0.000;
VAL;7/17/2014 4:54:59 PM;0.000;0.039;0.000;0.000;0.000;
VAL;7/17/2014 4:55:29 PM;0.000;0.039;0.000;0.000;0.000;
VAL;7/17/2014 4:55:59 PM;0.000;0.029;0.000;0.000;0.000;
VAL;7/17/2014 4:56:29 PM;0.000;0.070;0.000;0.000;0.000;
VAL;7/17/2014 4:56:59 PM;0.000;0.070;0.000;0.000;0.000;
VAL;7/17/2014 4:57:29 PM;0.000;0.039;0.000;0.000;0.000;
VAL;7/17/2014 4:57:59 PM;0.000;0.029;0.000;0.000;0.000;
VAL;7/17/2014 4:58:29 PM;0.000;0.029;0.000;0.000;0.000;
VAL;7/17/2014 4:58:59 PM;0.000;0.029;0.000;0.000;0.000;
VAL;7/17/2014 4:59:29 PM;0.000;0.029;0.000;0.000;0.000;
VAL;7/17/2014 4:59:59 PM;0.000;0.029;0.000;0.000;0.000;
VAL;7/17/2014 5:00:29 PM;0.000;0.029;0.000;0.000;0.000;
VAL;7/17/2014 5:00:59 PM;0.000;0.029;0.000;0.000;0.000;
VAL;7/17/2014 5:01:29 PM;0.000;0.029;0.000;0.000;0.000;
VAL;7/17/2014 5:01:59 PM;0.000;0.029;0.000;0.000;0.000;
VAL;7/17/2014 5:02:29 PM;0.000;0.029;0.000;0.000;0.000;
VAL;7/17/2014 5:02:59 PM;0.000;0.029;0.000;0.000;0.000;
VAL;7/17/2014 5:03:29 PM;0.000;0.029;0.000;0.000;0.000;
VAL;7/17/2014 5:03:59 PM;0.000;0.029;0.000;0.000;0.000;
VAL;7/17/2014 5:04:29 PM;0.000;0.029;0.000;0.000;0.000;
VAL;7/17/2014 5:04:59 PM;0.000;0.029;0.000;0.000;0.000;
VAL;7/17/2014 5:05:29 PM;0.000;0.029;0.000;0.000;0.000;
VAL;7/17/2014 5:05:59 PM;0.000;0.029;0.000;0.000;0.000;
VAL;7/17/2014 5:06:29 PM;0.000;0.029;0.000;0.000;0.000;
VAL;7/17/2014 5:06:59 PM;0.000;0.039;0.000;0.000;0.000;
VAL;7/17/2014 5:07:29 PM;0.000;0.049;0.000;0.000;0.000;
VAL;7/17/2014 5:07:59 PM;0.000;0.029;0.000;0.000;0.000;
EVE;7/17/2014 5:08:24 PM;Instrument switch off(1,0)
SESSION_HEADER;Peak;30;8/11/2014 6:09:18 AM;8/11/2014 11:02:11 PM;X-am 7000;ARAA0098;1;PERSONAL-ID;2.02W
GASTYPE;;CH4;CO2;CO;NH3;SO2;
UNITNAME;;Vol%;Vol%;ppm;ppm;ppm;
GAS_A1;;0.88;0.50;30.00;20.00;2.00;
GAS_A2;;1.76;1.00;60.00;40.00;4.00;
RANGE;;100.00;5.00;500.00;200.00;20.00;
SERIALNO;;ARZJ0013;ARAK0001;ARZM0586;ARYM0049;ARWM0078;
PARTNO;;6810460;6810590;6810258;6809145;6809160;
CALDATE;;7/15/2014;7/15/2014;7/15/2014;7/15/2014;7/15/2014;
SENSORTYPE;;HPP-IR;HPP-IR;EC;EC;EC;
EVE;8/11/2014 6:09:18 AM;Charging process started(0,0)
EVE;8/11/2014 6:12:29 AM;Charging process finished(0,0)
EVE;8/11/2014 6:13:32 AM;Charging process started(0,0)
EVE;8/11/2014 6:13:41 AM;Charging process finished(0,0)
EVE;8/11/2014 6:32:08 AM;Charging process started(0,0)
EVE;8/11/2014 6:33:47 AM;Charging process finished(0,0)
EVE;8/11/2014 6:35:40 AM;Charging process started(0,0)
EVE;8/11/2014 6:36:27 AM;Charging process finished(0,0)
EVE;8/11/2014 6:36:52 AM;Charging process started(0,0)
EVE;8/11/2014 2:10:49 PM;Charging process finished(0,0)
EVE;8/11/2014 10:58:43 PM;Instrument switch on(1,0)
EVE;8/11/2014 10:58:46 PM;Begin of Shift(1,0)
EVE;8/11/2014 10:58:46 PM;Begin of Shift(1,1)
EVE;8/11/2014 10:58:46 PM;Begin of Shift(1,2)
EVE;8/11/2014 10:58:46 PM;Begin of Shift(1,3)
EVE;8/11/2014 10:58:46 PM;Begin of Shift(1,4)
VAL;8/11/2014 10:59:13 PM;INV;INV;INV;INV;INV;
VAL;8/11/2014 10:59:43 PM;0.000;0.049;0.000;NEG;0.000;
VAL;8/11/2014 11:00:13 PM;0.000;0.049;0.000;NEG;0.000;
VAL;8/11/2014 11:00:43 PM;0.000;0.049;2.000;NEG;0.000;
VAL;8/11/2014 11:01:13 PM;0.000;0.059;2.000;NEG;0.000;
VAL;8/11/2014 11:01:43 PM;0.000;0.059;2.000;NEG;0.000;