id,date,start_local,end_local,start_utc,end_utc,date_julian,chemical_longname,chemical_shortname,time_local,Q,mass,u_ref,h,stability,plume_model,reflection,deposition,terrain,p,Ta,Ts,ds,cp,Pa,Ps,x_grid,y_grid,z_grid,velocity,eta,mw,u_dir,time_utc,delta_t
1,08/11/2014,2014-08-11T12:48:00.0,2014-08-11T12:48:01.0,2014-08-11T18:48:00.0,2014-08-11T18:48:01.0,4223,Difluoroethane (R152 A),R-152a,12:48:00 PM,85.0,85.0,2.73,7.32,B,,,,rural,0.07,28.3,27.3,0.19,1.14,1010,5377.91,,,,0.00299792543559857,,66.05,316,06:48:00.0,1
2,08/11/2014,2014-08-11T12:50:00.0,2014-08-11T12:50:01.0,2014-08-11T18:50:00.0,2014-08-11T18:50:01.0,4223,Difluoroethane (R152 A),R-152a,12:50:00 PM,119.0,119.0,2.97,7.32,B,,,,rural,0.07,28.3,27.3,0.19,1.14,1010,5377.91,,,,0.00419709560983799,,66.05,312,06:50:00.0,1
3,08/11/2014,2014-08-11T12:57:00.0,2014-08-11T12:57:01.0,2014-08-11T18:57:00.0,2014-08-11T18:57:01.0,4223,Difluoroethane (R152 A),R-152a,12:57:00 PM,442.0,442.0,1.41,7.32,A,,,,rural,0.07,28.8,27.8,0.19,1.14,1010,5377.91,,,,0.0155892122651125,,66.05,134,06:57:00.0,1
4,08/11/2014,2014-08-11T13:30:00.0,2014-08-11T13:30:01.0,2014-08-11T19:30:00.0,2014-08-11T19:30:01.0,4223,Difluoroethane (R152 A),R-152a,1:30:00 PM,119.0,119.0,3.43,7.32,B,,,,rural,0.07,29.8,28.8,0.19,1.14,1010,5653.7,,,,0.00419709560983799,,66.05,44,07:30:00.0,1
5,08/11/2014,2014-08-11T13:35:00.0,2014-08-11T13:35:01.0,2014-08-11T19:35:00.0,2014-08-11T19:35:01.0,4223,Difluoroethane (R152 A),R-152a,1:35:00 PM,85.0,85.0,2.4,7.32,B,,,,rural,0.07,29.7,28.7,0.19,1.14,1010,5653.7,,,,0.00299792543559857,,66.05,75,07:35:00.0,1
6,08/11/2014,2014-08-11T13:36:00.0,2014-08-11T13:36:01.0,2014-08-11T19:36:00.0,2014-08-11T19:36:01.0,4223,Difluoroethane (R152 A),R-152a,1:36:00 PM,408.0,408.0,1.31,7.32,A,,,,rural,0.07,29.7,28.7,0.19,1.14,1010,5791.6,,,,0.0143900420908731,,66.05,71,07:36:00.0,1
7,08/11/2014,2014-08-11T13:40:00.0,2014-08-11T13:40:01.0,2014-08-11T19:40:00.0,2014-08-11T19:40:01.0,4223,Difluoroethane (R152 A),R-152a,1:40:00 PM,425.0,425.0,2.46,7.32,B,,,,rural,0.07,30.1,29.1,0.19,1.14,1010,5791.6,,,,0.0149896271779928,,66.05,265,07:40:00.0,1
8,08/11/2014,2014-08-11T14:07:00.0,2014-08-11T14:07:01.0,2014-08-11T20:07:00.0,2014-08-11T20:07:01.0,4223,Difluoroethane (R152 A),R-152a,2:07:00 PM,85.0,85.0,2.55,7.32,B,,,,rural,0.07,30.0,29.0,0.19,1.14,1010,6205.28,,,,0.00299792543559857,,66.05,0,08:07:00.0,1
9,08/11/2014,2014-08-11T14:12:00.0,2014-08-11T14:12:01.0,2014-08-11T20:12:00.0,2014-08-11T20:12:01.0,4223,Difluoroethane (R152 A),R-152a,2:12:00 PM,391.0,391.0,2.86,7.32,B,,,,rural,0.07,30.1,29.1,0.19,1.14,1010,6067.39,,,,0.0137904570037534,,66.05,134,08:12:00.0,1
10,08/11/2014,2014-08-11T16:13:00.0,2014-08-11T16:13:01.0,2014-08-11T22:13:00.0,2014-08-11T22:13:01.0,4223,Methane,CH4,4:13:00 PM,1751.0,1751.0,2.81,7.32,B,,,,rural,0.07,31.4,30.4,0.19,2.22,1010,7997.92,,,,0.0617572639733305,,16.04,0,10:13:00.0,1
11,08/11/2014,2014-08-11T16:37:00.0,2014-08-11T16:37:01.0,2014-08-11T22:37:00.0,2014-08-11T22:37:01.0,4223,Methane,CH4,4:37:00 PM,969.0,969.0,3.24,7.32,B,,,,rural,0.07,31.6,30.6,0.19,2.22,1010,7997.92,,,,0.0341763499658237,,16.04,0,10:37:00.0,1
12,08/11/2014,2014-08-11T16:45:00.0,2014-08-11T16:45:01.0,2014-08-11T22:45:00.0,2014-08-11T22:45:01.0,4223,Methane,CH4,4:45:00 PM,1785.0,1785.0,2.24,7.32,B,,,,rural,0.07,31.2,30.2,0.19,2.22,1010,7997.92,,,,0.0629564341475699,,16.04,0,10:45:00.0,1
13,08/12/2014,2014-08-12T15:52:44.0,2014-08-12T15:55:05.0,2014-08-12T21:52:44.0,2014-08-12T21:55:05.0,4224,Propane,C3H8,3:52:44 PM,2.837,400.01700000000005,6.94,0.38,C,,,,rural,0.07,32.6,31.6,0.019,1.67,1010,,,,,0.0100055917750475,,44.1,102,09:52:00.0,141
14,08/12/2014,2014-08-12T16:03:44.0,2014-08-12T16:04:20.0,2014-08-12T22:03:44.0,2014-08-12T22:04:20.0,4224,Methane,CH4,4:03:44 PM,44.444,1599.9840000000002,5.44,1.32,C,,,,rural,0.07,32.5,31.5,0.013,2.22,1010,,,,,0.334841963801239,,16.04,79,10:03:00.0,36
15,08/12/2014,2014-08-12T16:08:55.0,2014-08-12T16:09:18.0,2014-08-12T22:08:55.0,2014-08-12T22:09:18.0,4224,Methane,CH4,4:08:55 PM,52.174,1200.002,5.3,1.32,C,,,,rural,0.07,32.5,31.5,0.013,2.22,1010,,,,,0.393075348810157,,16.04,82,10:08:00.0,23
16,08/13/2014,2014-08-13T15:14:12.0,2014-08-13T15:14:31.0,2014-08-13T21:14:12.0,2014-08-13T21:14:31.0,4225,Ammoniac,NH3,3:14:12 PM,5.26,99.94,5.5,1.32,C,,,,rural,0.07,33.4,32.4,0.013,2.19,1010,1378.95,,,,0.0396523378185713,,17.03,87,09:14:00.0,19
17,08/13/2014,2014-08-13T15:17:15.0,2014-08-13T15:17:38.0,2014-08-13T21:17:15.0,2014-08-13T21:17:38.0,4225,Ammoniac,NH3,3:17:15 PM,0.0,0.0,4.9,1.32,B,,,,rural,0.07,33.5,32.5,0.013,2.19,1010,1378.95,,,,0.0,,17.03,91,09:17:00.0,23
18,08/13/2014,2014-08-13T15:32:06.0,2014-08-13T15:33:04.0,2014-08-13T21:32:06.0,2014-08-13T21:33:04.0,4225,Ammoniac,NH3,3:32:06 PM,8.62,499.96,4.2,1.32,B,,,,rural,0.07,33.3,32.3,0.013,2.19,1010,12065.83,,,,0.0649477947028267,,17.03,97,09:32:00.0,58
19,08/13/2014,2014-08-13T15:37:06.0,2014-08-13T15:38:04.0,2014-08-13T21:37:06.0,2014-08-13T21:38:04.0,4225,Ammoniac,NH3,3:37:06 PM,8.62,499.96,2.26,1.32,B,,,,rural,0.07,33.3,32.3,0.013,2.19,1010,12065.83,,,,0.0649477947028267,,17.03,260,09:37:00.0,58
20,08/13/2014,2014-08-13T15:40:04.0,2014-08-13T15:40:25.0,2014-08-13T21:40:04.0,2014-08-13T21:40:25.0,4225,Ammoniac,NH3,3:40:04 PM,4.76,99.96,4.82,1.32,B,,,,rural,0.07,33.5,32.5,0.013,2.19,1010,11376.35,,,,0.0358759246929879,,17.03,227,09:40:00.0,21
21,08/13/2014,2014-08-13T15:49:58.0,2014-08-13T15:50:21.0,2014-08-13T21:49:58.0,2014-08-13T21:50:21.0,4225,Ammoniac,NH3,3:49:58 PM,8.7,200.1,6.02,1.32,C,,,,rural,0.07,33.7,32.7,0.013,2.19,1010,10548.98,,,,0.0655125581350261,,17.03,301,09:49:00.0,23
22,08/13/2014,2014-08-13T15:54:19.0,2014-08-13T15:54:57.0,2014-08-13T21:54:19.0,2014-08-13T21:54:57.0,4225,Ammoniac,NH3,3:54:19 PM,7.89,299.82,2.99,1.32,B,,,,rural,0.07,33.7,32.7,0.013,2.19,1010,9859.51,,,,0.0594785067278513,,17.03,5,09:54:00.0,38
23,08/13/2014,2014-08-13T16:23:40.0,2014-08-13T16:24:08.0,2014-08-13T22:23:40.0,2014-08-13T22:24:08.0,4225,Methane,CH4,4:23:40 PM,170.0,4760.0,4.45,1.32,B,,,,rural,0.07,33.4,32.4,0.013,2.22,1010,1585.79,,,,0.0128077051153974,,16.04,359,10:23:00.0,28
24,08/13/2014,2014-08-13T16:31:12.0,2014-08-13T16:32:01.0,2014-08-13T22:31:12.0,2014-08-13T22:32:01.0,4225,Methane,CH4,4:31:12 PM,595.0,29155.0,4.49,1.32,B,,,,rural,0.07,33.3,32.3,0.013,2.22,1010,1516.85,,,,0.044826967903891,,16.04,105,10:31:00.0,49
25,08/13/2014,2014-08-13T16:35:13.0,2014-08-13T16:36:50.0,2014-08-13T22:35:13.0,2014-08-13T22:36:50.0,4225,Methane,CH4,4:35:13 PM,102.0,9894.0,3.15,1.32,B,,,,rural,0.07,33.3,32.3,0.013,2.22,1010,1585.79,,,,0.00768462306923845,,16.04,30,10:35:00.0,97
26,08/14/2014,2014-08-14T15:05:00.0,2014-08-14T15:05:44.0,2014-08-14T21:05:00.0,2014-08-14T21:05:44.0,4226,SF6,SF6,3:05:00 PM,85.0,3740.0,3.25,7.32,B,,,,rural,0.07,32.4,31.4,0.19,0.59,1010,1378.95,,,,0.00299792543559857,,146.06,0,09:05:00.0,44
27,08/14/2014,2014-08-14T15:16:06.0,2014-08-14T15:16:34.0,2014-08-14T21:16:06.0,2014-08-14T21:16:34.0,4226,SF6,SF6,3:16:06 PM,85.0,2380.0,3.74,7.32,B,,,,rural,0.07,32.4,31.4,0.19,0.59,1010,1378.95,,,,0.00299792543559857,,146.06,325,09:16:00.0,28
28,08/14/2014,2014-08-14T15:25:43.0,2014-08-14T15:26:50.0,2014-08-14T21:25:43.0,2014-08-14T21:26:50.0,4226,SF6,SF6,3:25:43 PM,425.0,28475.0,3.48,7.32,B,,,,rural,0.07,32.7,31.7,0.19,0.59,1010,1378.95,,,,0.0149896271779928,,146.06,302,09:25:00.0,67
29,08/14/2014,2014-08-14T15:37:26.0,2014-08-14T15:37:27.0,2014-08-14T21:37:26.0,2014-08-14T21:37:27.0,4226,SF6,SF6,3:37:26 PM,425.0,425.0,3.63,7.32,B,,,,rural,0.07,32.06,31.06,0.19,0.59,1010,1378.95,,,,0.0149896271779928,,146.06,318,09:37:00.0,1
30,08/14/2014,2014-08-14T15:05:00.0,2014-08-14T15:05:44.0,2014-08-14T21:05:00.0,2014-08-14T21:05:44.0,4226,Ethylene,C2H4,3:05:00 PM,119.0,5236.0,3.25,7.32,B,,,,rural,0.07,32.4,31.4,0.19,1.53,1010,8273.71,,,,0.00419709560983799,,28.05,0,09:05:00.0,44
31,08/14/2014,2014-08-14T15:16:06.0,2014-08-14T15:16:34.0,2014-08-14T21:16:06.0,2014-08-14T21:16:34.0,4226,Ethylene,C2H4,3:16:06 PM,425.0,11900.0,3.74,7.32,B,,,,rural,0.07,32.4,31.4,0.19,1.53,1010,8273.71,,,,0.0149896271779928,,28.05,325,09:16:00.0,28
32,08/14/2014,2014-08-14T15:25:43.0,2014-08-14T15:26:50.0,2014-08-14T21:25:43.0,2014-08-14T21:26:50.0,4226,Ethylene,C2H4,3:25:43 PM,425.0,28475.0,3.48,7.32,B,,,,rural,0.07,32.7,31.7,0.19,1.53,1010,8273.71,,,,0.0149896271779928,,28.05,302,09:25:00.0,67
33,08/14/2014,2014-08-14T15:37:26.0,2014-08-14T15:37:27.0,2014-08-14T21:37:26.0,2014-08-14T21:37:27.0,4226,Ethylene,C2H4,3:37:26 PM,85.0,85.0,3.63,7.32,B,,,,rural,0.07,32.06,31.06,0.19,1.53,1010,8273.71,,,,0.00299792543559857,,28.05,318,09:37:00.0,1
34,08/16/2014,2014-08-16T10:45:10.0,2014-08-16T10:48:20.0,2014-08-16T16:45:10.0,2014-08-16T16:48:20.0,4228,Ethylene,C2H4,10:45:10 AM,85.0,16150.0,1.25,7.32,A,,,,rural,0.07,21.1,20.1,0.19,1.53,1010,1241.06,,,,0.00299792543559857,,28.05,101,04:45:00.0,190
35,08/16/2014,2014-08-16T10:56:45.0,2014-08-16T10:59:55.0,2014-08-16T16:56:45.0,2014-08-16T16:59:55.0,4228,Ethylene,C2H4,10:56:45 AM,425.0,80750.0,1.98,7.32,A,,,,rural,0.07,21.9,20.9,0.19,1.53,1010,1241.06,,,,0.0149896271779928,,28.05,81,04:56:00.0,190
36,08/16/2014,2014-08-16T10:56:45.0,2014-08-16T10:59:55.0,2014-08-16T16:56:45.0,2014-08-16T16:59:55.0,4228,Ethylene,C2H4,10:56:45 AM,425.0,80750.0,1.98,7.32,A,,,,rural,0.07,21.9,20.9,0.19,1.53,1010,1241.06,,,,0.0149896271779928,,28.05,81,04:56:00.0,190
37,08/16/2014,2014-08-16T11:01:15.0,2014-08-16T11:02:47.0,2014-08-16T17:01:15.0,2014-08-16T17:02:47.0,4228,Ethylene,C2H4,11:01:15 AM,510.0,46920.0,0.93,7.32,A,,,,rural,0.07,22.2,21.2,0.19,1.53,1010,1241.06,,,,0.0179875526135914,,28.05,95,05:01:00.0,92
38,08/16/2014,2014-08-16T11:01:15.0,2014-08-16T11:02:47.0,2014-08-16T17:01:15.0,2014-08-16T17:02:47.0,4228,Ethylene,C2H4,11:01:15 AM,510.0,46920.0,0.93,7.32,A,,,,rural,0.07,22.2,21.2,0.19,1.53,1010,1241.06,,,,0.0179875526135914,,28.05,95,05:01:00.0,92
39,08/16/2014,2014-08-16T11:08:02.0,2014-08-16T11:13:48.0,2014-08-16T17:08:02.0,2014-08-16T17:13:48.0,4228,Ethylene,C2H4,11:08:02 AM,425.0,147050.0,1.3,7.32,A,,,,rural,0.07,22.6,21.6,0.19,1.53,1010,1241.06,,,,0.0149896271779928,,28.05,59,05:08:00.0,346
40,08/16/2014,2014-08-16T11:08:02.0,2014-08-16T11:13:48.0,2014-08-16T17:08:02.0,2014-08-16T17:13:48.0,4228,Ethylene,C2H4,11:08:02 AM,425.0,147050.0,1.3,7.32,A,,,,rural,0.07,22.6,21.6,0.19,1.53,1010,1241.06,,,,0.0149896271779928,,28.05,59,05:08:00.0,346
41,08/16/2014,2014-08-16T11:21:03.0,2014-08-16T11:25:56.0,2014-08-16T17:21:03.0,2014-08-16T17:25:56.0,4228,Ethylene,C2H4,11:21:03 AM,85.0,24905.0,1.52,7.32,A,,,,rural,0.07,23.2,22.2,0.19,1.53,1010,1241.06,,,,0.00299792543559857,,28.05,217,05:21:00.0,293
42,08/16/2014,2014-08-16T11:29:15.0,2014-08-16T11:34:25.0,2014-08-16T17:29:15.0,2014-08-16T17:34:25.0,4228,Ethylene,C2H4,11:29:15 AM,0.0,0.0,0.85,7.32,A,,,,rural,0.07,23.58,22.58,0.19,1.53,1010,1241.06,,,,0.0,,28.05,239,05:29:00.0,310
43,08/16/2014,2014-08-16T11:29:15.0,2014-08-16T11:34:25.0,2014-08-16T17:29:15.0,2014-08-16T17:34:25.0,4228,Ethylene,C2H4,11:29:15 AM,0.0,0.0,0.85,7.32,A,,,,rural,0.07,23.58,22.58,0.19,1.53,1010,1241.06,,,,0.0,,28.05,239,05:29:00.0,310
44,08/16/2014,2014-08-16T11:29:15.0,2014-08-16T11:34:25.0,2014-08-16T17:29:15.0,2014-08-16T17:34:25.0,4228,Ethylene,C2H4,11:29:15 AM,0.0,0.0,0.85,7.32,A,,,,rural,0.07,23.58,22.58,0.19,1.53,1010,1241.06,,,,0.0,,28.05,239,05:29:00.0,310
45,08/16/2014,2014-08-16T11:36:35.0,2014-08-16T11:51:41.0,2014-08-16T17:36:35.0,2014-08-16T17:51:41.0,4228,Ethylene,C2H4,11:36:35 AM,85.0,77010.0,1.63,7.32,A,,,,rural,0.07,23.7,22.7,0.19,1.53,1010,1241.06,,,,0.00299792543559857,,28.05,337,05:36:00.0,906
46,08/16/2014,2014-08-16T11:36:35.0,2014-08-16T11:51:41.0,2014-08-16T17:36:35.0,2014-08-16T17:51:41.0,4228,Ethylene,C2H4,11:36:35 AM,85.0,77010.0,1.63,7.32,A,,,,rural,0.07,23.7,22.7,0.19,1.53,1010,1241.06,,,,0.00299792543559857,,28.05,337,05:36:00.0,906
47,08/16/2014,2014-08-16T11:47:26.0,2014-08-16T11:49:07.0,2014-08-16T17:47:26.0,2014-08-16T17:49:07.0,4228,Ethylene,C2H4,11:47:26 AM,17.0,1717.0,1.59,7.32,A,,,,rural,0.07,24.1,23.1,0.19,1.53,1010,1241.06,,,,0.000599585087119713,,28.05,208,05:47:00.0,101
48,08/16/2014,2014-08-16T11:47:26.0,2014-08-16T11:49:07.0,2014-08-16T17:47:26.0,2014-08-16T17:49:07.0,4228,Ethylene,C2H4,11:47:26 AM,17.0,1717.0,1.59,7.32,A,,,,rural,0.07,24.1,23.1,0.19,1.53,1010,1241.06,,,,0.000599585087119713,,28.05,208,05:47:00.0,101
49,08/16/2014,2014-08-16T11:50:37.0,2014-08-16T11:53:27.0,2014-08-16T17:50:37.0,2014-08-16T17:53:27.0,4228,Ethylene,C2H4,11:50:37 AM,425.0,72250.0,1.97,7.32,A,,,,rural,0.07,24.1,23.1,0.19,1.53,1010,1241.06,,,,0.0149896271779928,,28.05,183,05:50:00.0,170
50,08/16/2014,2014-08-16T12:01:45.0,2014-08-16T12:06:30.0,2014-08-16T18:01:45.0,2014-08-16T18:06:30.0,4228,Ethylene,C2H4,12:01:45 PM,425.0,121125.0,1.03,7.32,A,,,,rural,0.07,24.2,23.2,0.19,1.53,1010,1241.06,,,,0.0149896271779928,,28.05,27,06:01:00.0,285
51,08/16/2014,2014-08-16T12:01:45.0,2014-08-16T12:06:30.0,2014-08-16T18:01:45.0,2014-08-16T18:06:30.0,4228,Ethylene,C2H4,12:01:45 PM,425.0,121125.0,1.03,7.32,A,,,,rural,0.07,24.2,23.2,0.19,1.53,1010,1241.06,,,,0.0149896271779928,,28.05,27,06:01:00.0,285
52,08/16/2014,2014-08-16T12:18:42.0,2014-08-16T12:20:14.0,2014-08-16T18:18:42.0,2014-08-16T18:20:14.0,4228,Ethylene,C2H4,12:18:42 PM,170.0,15640.0,1.77,7.32,A,,,,rural,0.07,23.8,22.8,0.19,1.53,1010,1241.06,,,,0.00599585087119713,,28.05,0,06:18:00.0,92
53,08/16/2014,2014-08-16T12:22:14.0,2014-08-16T12:23:10.0,2014-08-16T18:22:14.0,2014-08-16T18:23:10.0,4228,Ethylene,C2H4,12:22:14 PM,850.0,47600.0,1.77,7.32,A,,,,rural,0.07,23.8,22.8,0.19,1.53,1010,1241.06,,,,0.0299792543559857,,28.05,0,06:22:00.0,56
54,08/16/2014,2014-08-16T10:45:10.0,2014-08-16T10:48:20.0,2014-08-16T16:45:10.0,2014-08-16T16:48:20.0,4228,SF6,SF6,10:45:10 AM,85.0,16150.0,1.25,7.32,A,,,,rural,0.07,21.1,20.1,0.19,0.59,1010,8273.71,,,,0.00299792543559857,,146.06,101,04:45:00.0,190
55,08/16/2014,2014-08-16T10:56:45.0,2014-08-16T10:59:55.0,2014-08-16T16:56:45.0,2014-08-16T16:59:55.0,4228,SF6,SF6,10:56:45 AM,425.0,80750.0,1.98,7.32,A,,,,rural,0.07,21.9,20.9,0.19,0.59,1010,8273.71,,,,0.0149896271779928,,146.06,81,04:56:00.0,190
56,08/16/2014,2014-08-16T10:56:45.0,2014-08-16T10:59:55.0,2014-08-16T16:56:45.0,2014-08-16T16:59:55.0,4228,SF6,SF6,10:56:45 AM,425.0,80750.0,1.98,7.32,A,,,,rural,0.07,21.9,20.9,0.19,0.59,1010,8273.71,,,,0.0149896271779928,,146.06,81,04:56:00.0,190
57,08/16/2014,2014-08-16T11:01:15.0,2014-08-16T11:02:47.0,2014-08-16T17:01:15.0,2014-08-16T17:02:47.0,4228,SF6,SF6,11:01:15 AM,850.0,78200.0,0.93,7.32,A,,,,rural,0.07,22.2,21.2,0.19,0.59,1010,8273.71,,,,0.0299792543559857,,146.06,95,05:01:00.0,92
58,08/16/2014,2014-08-16T11:01:15.0,2014-08-16T11:02:47.0,2014-08-16T17:01:15.0,2014-08-16T17:02:47.0,4228,SF6,SF6,11:01:15 AM,850.0,78200.0,0.93,7.32,A,,,,rural,0.07,22.2,21.2,0.19,0.59,1010,8273.71,,,,0.0299792543559857,,146.06,95,05:01:00.0,92
59,08/16/2014,2014-08-16T11:08:02.0,2014-08-16T11:13:48.0,2014-08-16T17:08:02.0,2014-08-16T17:13:48.0,4228,SF6,SF6,11:08:02 AM,85.0,29410.0,1.3,7.32,A,,,,rural,0.07,22.6,21.6,0.19,0.59,1010,8273.71,,,,0.00299792543559857,,146.06,59,05:08:00.0,346
60,08/16/2014,2014-08-16T11:08:02.0,2014-08-16T11:13:48.0,2014-08-16T17:08:02.0,2014-08-16T17:13:48.0,4228,SF6,SF6,11:08:02 AM,85.0,29410.0,1.3,7.32,A,,,,rural,0.07,22.6,21.6,0.19,0.59,1010,8273.71,,,,0.00299792543559857,,146.06,59,05:08:00.0,346
61,08/16/2014,2014-08-16T11:21:03.0,2014-08-16T11:25:56.0,2014-08-16T17:21:03.0,2014-08-16T17:25:56.0,4228,SF6,SF6,11:21:03 AM,425.0,124525.0,1.52,7.32,A,,,,rural,0.07,23.2,22.2,0.19,0.59,1010,8273.71,,,,0.0149896271779928,,146.06,217,05:21:00.0,293
62,08/16/2014,2014-08-16T11:29:15.0,2014-08-16T11:34:25.0,2014-08-16T17:29:15.0,2014-08-16T17:34:25.0,4228,SF6,SF6,11:29:15 AM,85.0,26350.0,0.85,7.32,A,,,,rural,0.07,23.6,22.6,0.19,0.59,1010,8273.71,,,,0.00299792543559857,,146.06,239,05:29:00.0,310
63,08/16/2014,2014-08-16T11:29:15.0,2014-08-16T11:34:25.0,2014-08-16T17:29:15.0,2014-08-16T17:34:25.0,4228,SF6,SF6,11:29:15 AM,85.0,26350.0,0.85,7.32,A,,,,rural,0.07,23.6,22.6,0.19,0.59,1010,8273.71,,,,0.00299792543559857,,146.06,239,05:29:00.0,310
64,08/16/2014,2014-08-16T11:29:15.0,2014-08-16T11:34:25.0,2014-08-16T17:29:15.0,2014-08-16T17:34:25.0,4228,SF6,SF6,11:29:15 AM,85.0,26350.0,0.85,7.32,A,,,,rural,0.07,23.6,22.6,0.19,0.59,1010,8273.71,,,,0.00299792543559857,,146.06,239,05:29:00.0,310
65,08/16/2014,2014-08-16T11:36:35.0,2014-08-16T11:51:41.0,2014-08-16T17:36:35.0,2014-08-16T17:51:41.0,4228,SF6,SF6,11:36:35 AM,0.0,0.0,1.63,7.32,A,,,,rural,0.07,23.7,22.7,0.19,0.59,1010,8273.71,,,,0.0,,146.06,337,05:36:00.0,906
66,08/16/2014,2014-08-16T11:36:35.0,2014-08-16T11:51:41.0,2014-08-16T17:36:35.0,2014-08-16T17:51:41.0,4228,SF6,SF6,11:36:35 AM,0.0,0.0,1.63,7.32,A,,,,rural,0.07,23.7,22.7,0.19,0.59,1010,8273.71,,,,0.0,,146.06,337,05:36:00.0,906
67,08/16/2014,2014-08-16T11:47:26.0,2014-08-16T11:49:07.0,2014-08-16T17:47:26.0,2014-08-16T17:49:07.0,4228,SF6,SF6,11:47:26 AM,17.0,1717.0,1.59,7.32,A,,,,rural,0.07,24.1,23.1,0.19,0.59,1010,8273.71,,,,0.000599585087119713,,146.06,208,05:47:00.0,101
68,08/16/2014,2014-08-16T11:47:26.0,2014-08-16T11:49:07.0,2014-08-16T17:47:26.0,2014-08-16T17:49:07.0,4228,SF6,SF6,11:47:26 AM,17.0,1717.0,1.59,7.32,A,,,,rural,0.07,24.1,23.1,0.19,0.59,1010,8273.71,,,,0.000599585087119713,,146.06,208,05:47:00.0,101
69,08/16/2014,2014-08-16T11:50:37.0,2014-08-16T11:53:27.0,2014-08-16T17:50:37.0,2014-08-16T17:53:27.0,4228,SF6,SF6,11:50:37 AM,17.0,2890.0,1.97,7.32,A,,,,rural,0.07,24.1,23.1,0.19,0.59,1010,8273.71,,,,0.000599585087119713,,146.06,183,05:50:00.0,170
70,08/16/2014,2014-08-16T12:01:45.0,2014-08-16T12:06:30.0,2014-08-16T18:01:45.0,2014-08-16T18:06:30.0,4228,SF6,SF6,12:01:45 PM,17.0,4845.0,1.03,7.32,A,,,,rural,0.07,24.2,23.2,0.19,0.59,1010,8273.71,,,,0.000599585087119713,,146.06,27,06:01:00.0,285
71,08/16/2014,2014-08-16T12:01:45.0,2014-08-16T12:06:30.0,2014-08-16T18:01:45.0,2014-08-16T18:06:30.0,4228,SF6,SF6,12:01:45 PM,17.0,4845.0,1.03,7.32,A,,,,rural,0.07,24.2,23.2,0.19,0.59,1010,8273.71,,,,0.000599585087119713,,146.06,27,06:01:00.0,285
72,08/16/2014,2014-08-16T12:18:42.0,2014-08-16T12:20:14.0,2014-08-16T18:18:42.0,2014-08-16T18:20:14.0,4228,SF6,SF6,12:18:42 PM,17.0,1564.0,1.77,7.32,A,,,,rural,0.07,23.8,22.8,0.19,0.59,1010,8273.71,,,,0.000599585087119713,,146.06,0,06:18:00.0,92
73,08/16/2014,2014-08-16T12:22:14.0,2014-08-16T12:23:10.0,2014-08-16T18:22:14.0,2014-08-16T18:23:10.0,4228,SF6,SF6,12:22:14 PM,17.0,952.0,1.77,7.32,A,,,,rural,0.07,23.8,22.8,0.19,0.59,1010,8273.71,,,,0.000599585087119713,,146.06,0,06:22:00.0,56
74,08/18/2014,2014-08-18T12:34:24.0,2014-08-18T12:35:58.0,2014-08-18T18:34:24.0,2014-08-18T18:35:58.0,4230,SF6,SF6,12:34:24 PM,17.0,1598.0,0.89,7.32,A,,,,rural,0.07,26.1,25.1,0.19,0.59,1010,5308.97,,,,0.000599585087119713,,146.06,292,06:34:00.0,94
75,08/18/2014,2014-08-18T12:37:41.0,2014-08-18T12:38:56.0,2014-08-18T18:37:41.0,2014-08-18T18:38:56.0,4230,SF6,SF6,12:37:41 PM,85.0,6375.0,1.79,7.32,A,,,,rural,0.07,26.1,25.1,0.19,0.59,1010,5308.97,,,,0.00299792543559857,,146.06,281,06:37:00.0,75
76,08/18/2014,2014-08-18T12:40:51.0,2014-08-18T12:42:14.0,2014-08-18T18:40:51.0,2014-08-18T18:42:14.0,4230,SF6,SF6,12:40:51 PM,425.0,35275.0,3.34,7.32,A,,,,rural,0.07,26.3,25.3,0.19,0.59,1010,5308.97,,,,0.0149896271779928,,146.06,277,06:40:00.0,83
77,08/18/2014,2014-08-18T12:34:24.0,2014-08-18T12:35:58.0,2014-08-18T18:34:24.0,2014-08-18T18:35:58.0,4230,Ethylene,C2H4,12:34:24 PM,17.0,1598.0,0.89,7.32,A,,,,rural,0.07,26.1,25.1,0.19,1.53,1010,3171.59,,,,0.000599585087119713,,28.05,292,06:34:00.0,94
78,08/18/2014,2014-08-18T12:37:41.0,2014-08-18T12:38:56.0,2014-08-18T18:37:41.0,2014-08-18T18:38:56.0,4230,Ethylene,C2H4,12:37:41 PM,85.0,6375.0,1.79,7.32,A,,,,rural,0.07,26.1,25.1,0.19,1.53,1010,3171.59,,,,0.00299792543559857,,28.05,281,06:37:00.0,75
79,08/18/2014,2014-08-18T12:40:51.0,2014-08-18T12:42:14.0,2014-08-18T18:40:51.0,2014-08-18T18:42:14.0,4230,Ethylene,C2H4,12:40:51 PM,425.0,35275.0,3.34,7.32,B,,,,rural,0.07,26.3,25.3,0.19,1.53,1010,3171.59,,,,0.0149896271779928,,28.05,277,06:40:00.0,83
80,08/18/2014,2014-08-18T12:50:42.0,2014-08-18T12:52:08.0,2014-08-18T18:50:42.0,2014-08-18T18:52:08.0,4230,CF-4,CF-4,12:50:42 PM,17.0,1462.0,1.84,7.32,A,,,,rural,0.07,26.3,25.3,0.19,0.87,1010,5515.81,,,,0.000599585087119713,,88.004,282,06:50:00.0,86
81,08/18/2014,2014-08-18T12:52:49.0,2014-08-18T12:53:50.0,2014-08-18T18:52:49.0,2014-08-18T18:53:50.0,4230,CF-4,CF-4,12:52:49 PM,85.0,5185.0,2.47,7.32,B,,,,rural,0.07,26.6,25.6,0.19,0.87,1010,5515.81,,,,0.00299792543559857,,88.004,277,06:52:00.0,61
82,08/18/2014,2014-08-18T13:02:15.0,2014-08-18T13:02:54.0,2014-08-18T19:02:15.0,2014-08-18T19:02:54.0,4230,CF-4,CF-4,1:02:15 PM,85.0,3315.0,3.39,7.32,B,,,,rural,0.07,26.7,25.7,0.19,0.87,1010,5515.81,,,,0.00299792543559857,,88.004,291,07:02:00.0,39
83,08/18/2014,2014-08-18T13:06:50.0,2014-08-18T13:08:04.0,2014-08-18T19:06:50.0,2014-08-18T19:08:04.0,4230,CF-4,CF-4,1:06:50 PM,17.0,1258.0,2.08,7.32,B,,,,rural,0.07,26.6,25.6,0.19,0.87,1010,5515.81,,,,0.000599585087119713,,88.004,262,07:06:00.0,74
84,08/18/2014,2014-08-18T13:12:45.0,2014-08-18T13:13:23.0,2014-08-18T19:12:45.0,2014-08-18T19:13:23.0,4230,CF-4,CF-4,1:12:45 PM,17.0,646.0,3.48,7.32,B,,,,rural,0.07,27.1,26.1,0.19,0.87,1010,5515.81,,,,0.000599585087119713,,88.004,277,07:12:00.0,38
85,08/18/2014,2014-08-18T13:14:40.0,2014-08-18T13:15:19.0,2014-08-18T19:14:40.0,2014-08-18T19:15:19.0,4230,CF-4,CF-4,1:14:40 PM,85.0,3315.0,0.97,7.32,A,,,,rural,0.07,26.8,25.8,0.19,0.87,1010,5515.81,,,,0.00299792543559857,,88.004,290,07:14:00.0,39
86,08/18/2014,2014-08-18T13:16:40.0,2014-08-18T13:18:02.0,2014-08-18T19:16:40.0,2014-08-18T19:18:02.0,4230,CF-4,CF-4,1:16:40 PM,85.0,6970.0,2.34,7.32,B,,,,rural,0.07,27.0,26.0,,0.87,1010,5515.81,,,,0.00299792543559857,,88.004,296,07:16:00.0,82
87,08/18/2014,2014-08-18T13:19:50.0,2014-08-18T13:21:05.0,2014-08-18T19:19:50.0,2014-08-18T19:21:05.0,4230,CF-4,CF-4,1:19:50 PM,17.0,1275.0,3.45,7.32,B,,,,rural,0.07,27.2,26.2,0.19,0.87,1010,5515.81,,,,0.000599585087119713,,88.004,295,07:19:00.0,75
88,08/18/2014,2014-08-18T13:24:15.0,2014-08-18T13:25:27.0,2014-08-18T19:24:15.0,2014-08-18T19:25:27.0,4230,CF-4,CF-4,1:24:15 PM,85.0,6120.0,2.35,7.32,B,,,,rural,0.07,27.1,26.1,0.19,0.87,1010,5515.81,,,,0.00299792543559857,,88.004,296,07:24:00.0,72
89,08/18/2014,2014-08-18T13:28:54.0,2014-08-18T13:30:18.0,2014-08-18T19:28:54.0,2014-08-18T19:30:18.0,4230,CF-4,CF-4,1:28:54 PM,425.0,35700.0,3.29,7.32,B,,,,rural,0.07,27.3,26.3,0.19,0.87,1010,5515.81,,,,0.0149896271779928,,88.004,271,07:28:00.0,84
90,08/18/2014,2014-08-18T13:44:30.0,2014-08-18T13:45:54.0,2014-08-18T19:44:30.0,2014-08-18T19:45:54.0,4230,CF-4,CF-4,1:44:30 PM,17.0,1428.0,2.65,7.32,B,,,,rural,0.07,27.4,26.4,0.19,0.87,1010,5515.81,,,,0.000599585087119713,,88.004,300,07:44:00.0,84
91,08/18/2014,2014-08-18T12:50:42.0,2014-08-18T12:52:08.0,2014-08-18T18:50:42.0,2014-08-18T18:52:08.0,4230,R218,C3F8,12:50:42 PM,17.0,1462.0,1.84,7.32,A,,,,rural,0.07,26.3,25.3,0.19,1.02,1010,0.0,,,,0.000599585087119713,,188.02,282,06:50:00.0,86
92,08/18/2014,2014-08-18T12:52:49.0,2014-08-18T12:53:50.0,2014-08-18T18:52:49.0,2014-08-18T18:53:50.0,4230,R218,C3F8,12:52:49 PM,85.0,5185.0,2.47,7.32,B,,,,rural,0.07,26.6,25.6,0.19,1.02,1010,6894.76,,,,0.00299792543559857,,188.02,277,06:52:00.0,61
93,08/18/2014,2014-08-18T13:02:15.0,2014-08-18T13:02:54.0,2014-08-18T19:02:15.0,2014-08-18T19:02:54.0,4230,R218,C3F8,1:02:15 PM,85.0,3315.0,3.39,7.32,B,,,,rural,0.07,26.7,25.7,0.19,1.02,1010,6894.76,,,,0.00299792543559857,,188.02,291,07:02:00.0,39
94,08/18/2014,2014-08-18T13:06:50.0,2014-08-18T13:08:04.0,2014-08-18T19:06:50.0,2014-08-18T19:08:04.0,4230,R218,C3F8,1:06:50 PM,17.0,1258.0,2.08,7.32,B,,,,rural,0.07,26.6,25.6,0.19,1.02,1010,6894.76,,,,0.000599585087119713,,188.02,262,07:06:00.0,74
95,08/18/2014,2014-08-18T13:12:45.0,2014-08-18T13:13:23.0,2014-08-18T19:12:45.0,2014-08-18T19:13:23.0,4230,R218,C3F8,1:12:45 PM,85.0,3230.0,3.48,7.32,B,,,,rural,0.07,27.14,26.14,0.19,1.02,1010,6894.76,,,,0.00299792543559857,,188.02,277,07:12:00.0,38
96,08/18/2014,2014-08-18T13:14:40.0,2014-08-18T13:15:19.0,2014-08-18T19:14:40.0,2014-08-18T19:15:19.0,4230,R218,C3F8,1:14:40 PM,85.0,3315.0,0.97,7.32,A,,,,rural,0.07,26.8,25.8,0.19,1.02,1010,6894.76,,,,0.00299792543559857,,188.02,290,07:14:00.0,39
97,08/18/2014,2014-08-18T13:16:40.0,2014-08-18T13:18:02.0,2014-08-18T19:16:40.0,2014-08-18T19:18:02.0,4230,R218,C3F8,1:16:40 PM,85.0,6970.0,2.34,7.32,B,,,,rural,0.07,27.0,26.0,,1.02,1010,6894.76,,,,0.00299792543559857,,188.02,296,07:16:00.0,82
98,08/18/2014,2014-08-18T13:19:50.0,2014-08-18T13:21:05.0,2014-08-18T19:19:50.0,2014-08-18T19:21:05.0,4230,R218,C3F8,1:19:50 PM,340.0,25500.0,3.45,7.32,B,,,,rural,0.07,27.2,26.2,0.19,1.02,1010,6894.76,,,,0.0119917017423943,,188.02,295,07:19:00.0,75
99,08/18/2014,2014-08-18T13:24:15.0,2014-08-18T13:25:27.0,2014-08-18T19:24:15.0,2014-08-18T19:25:27.0,4230,R218,C3F8,1:24:15 PM,17.0,1224.0,2.35,7.32,B,,,,rural,0.07,27.1,26.1,0.19,1.02,1010,6894.76,,,,0.000599585087119713,,188.02,296,07:24:00.0,72
100,08/18/2014,2014-08-18T13:28:54.0,2014-08-18T13:30:18.0,2014-08-18T19:28:54.0,2014-08-18T19:30:18.0,4230,R218,C3F8,1:28:54 PM,17.0,1428.0,3.29,7.32,B,,,,rural,0.07,27.3,26.3,0.19,1.02,1010,6894.76,,,,0.000599585087119713,,188.02,271,07:28:00.0,84
101,08/18/2014,2014-08-18T13:44:30.0,2014-08-18T13:45:54.0,2014-08-18T19:44:30.0,2014-08-18T19:45:54.0,4230,R218,C3F8,1:44:30 PM,17.0,1428.0,2.65,7.32,B,,,,rural,0.07,27.4,26.4,0.19,1.02,1010,6894.76,,,,0.000599585087119713,,188.02,300,07:44:00.0,84
102,08/18/2014,2014-08-18T13:49:20.0,2014-08-18T13:50:40.0,2014-08-18T19:49:20.0,2014-08-18T19:50:40.0,4230,Ammoniac,NH3,1:49:20 PM,17.0,1360.0,3.75,7.32,B,,,,rural,0.07,27.4,26.4,0.19,1.02,1010,3447.38,,,,0.000599585087119713,,17.03,300,07:49:00.0,80
103,08/18/2014,2014-08-18T13:53:37.0,2014-08-18T13:55:23.0,2014-08-18T19:53:37.0,2014-08-18T19:55:23.0,4230,Ammoniac,NH3,1:53:37 PM,85.0,9010.0,1.4,7.32,A,,,,rural,0.07,27.3,26.3,0.19,1.02,1010,3447.38,,,,0.00299792543559857,,17.03,305,07:53:00.0,106
104,08/18/2014,2014-08-18T13:59:40.0,2014-08-18T14:00:33.0,2014-08-18T19:59:40.0,2014-08-18T20:00:33.0,4230,Ammoniac,NH3,1:59:40 PM,170.0,9010.0,0.86,7.32,A,,,,rural,0.07,27.5,26.5,0.19,1.02,1010,3447.38,,,,0.00599585087119713,,17.03,327,07:59:00.0,53
105,08/18/2014,2014-08-18T14:04:30.0,2014-08-18T14:05:37.0,2014-08-18T20:04:30.0,2014-08-18T20:05:37.0,4230,Ammoniac,NH3,2:04:30 PM,340.0,22780.0,3.46,7.32,B,,,,rural,0.07,28.1,27.1,0.19,1.02,1010,3447.38,,,,0.0119917017423943,,17.03,329,08:04:00.0,67
106,08/18/2014,2014-08-18T14:31:58.0,2014-08-18T14:35:29.0,2014-08-18T20:31:58.0,2014-08-18T20:35:29.0,4230,Ammoniac,NH3,2:31:58 PM,17.0,3587.0,3.25,7.32,B,,,,rural,0.07,28.0,27.0,0.19,1.02,1010,3447.38,,,,0.000599585087119713,,17.03,295,08:31:00.0,211
107,08/18/2014,2014-08-18T14:36:57.0,2014-08-18T14:41:20.0,2014-08-18T20:36:57.0,2014-08-18T20:41:20.0,4230,Ammoniac,NH3,2:36:57 PM,85.0,22355.0,3.62,7.32,B,,,,rural,0.07,28.3,27.3,0.19,1.02,1010,3447.38,,,,0.00299792543559857,,17.03,312,08:36:00.0,263
108,08/18/2014,2014-08-18T14:31:58.0,2014-08-18T14:35:29.0,2014-08-18T20:31:58.0,2014-08-18T20:35:29.0,4230,Ethylene,C2H4,2:31:58 PM,17.0,3587.0,3.25,7.32,B,,,,rural,0.07,28.0,27.0,0.19,1.53,1010,3171.59,,,,0.000599585087119713,,28.05,295,08:31:00.0,211
109,08/18/2014,2014-08-18T14:36:57.0,2014-08-18T14:41:20.0,2014-08-18T20:36:57.0,2014-08-18T20:41:20.0,4230,Ethylene,C2H4,2:36:57 PM,85.0,22355.0,3.62,7.32,B,,,,rural,0.07,28.3,27.3,0.19,1.53,1010,3171.59,,,,0.00299792543559857,,28.05,312,08:36:00.0,263
110,08/18/2014,2014-08-18T16:51:30.0,2014-08-18T16:52:40.0,2014-08-18T22:51:30.0,2014-08-18T22:52:40.0,4230,Ammoniac,NH3,4:51:30 PM,425.0,29750.0,1.84,7.32,A,,,,rural,0.07,29.9,28.9,0.19,2.19,1010,3447.38,,,,0.0149896271779928,,17.03,213,10:51:00.0,70
111,08/18/2014,2014-08-18T16:55:14.0,2014-08-18T16:56:29.0,2014-08-18T22:55:14.0,2014-08-18T22:56:29.0,4230,Ammoniac,NH3,4:55:14 PM,85.0,6375.0,1.99,7.32,A,,,,rural,0.07,29.7,28.7,0.19,2.19,1010,3447.38,,,,0.00299792543559857,,17.03,0,10:55:00.0,75
112,08/18/2014,2014-08-18T16:58:40.0,2014-08-18T16:59:29.0,2014-08-18T22:58:40.0,2014-08-18T22:59:29.0,4230,Ammoniac,NH3,4:58:40 PM,17.0,833.0,2.17,7.32,B,,,,rural,0.07,30.0,29.0,0.19,2.19,1010,3447.38,,,,0.000599585087119713,,17.03,0,10:58:00.0,49
113,08/18/2014,2014-08-18T17:02:20.0,2014-08-18T17:03:03.0,2014-08-18T23:02:20.0,2014-08-18T23:03:03.0,4230,Ammoniac,NH3,5:02:20 PM,85.0,3655.0,2.42,7.32,B,,,,rural,0.07,30.1,29.1,0.19,2.19,1010,3447.38,,,,0.00299792543559857,,17.03,0,11:02:00.0,43
114,08/18/2014,2014-08-18T17:22:50.0,2014-08-18T17:24:29.0,2014-08-18T23:22:50.0,2014-08-18T23:24:29.0,4230,Ammoniac,NH3,5:22:50 PM,17.0,1683.0,1.92,7.32,B,,,,rural,0.07,30.3,29.3,0.19,2.19,1010,3447.38,,,,0.000599585087119713,,17.03,0,11:22:00.0,99
115,08/18/2014,2014-08-18T17:26:45.0,2014-08-18T17:28:30.0,2014-08-18T23:26:45.0,2014-08-18T23:28:30.0,4230,Ammoniac,NH3,5:26:45 PM,85.0,8925.0,2.24,7.32,B,,,,rural,0.07,30.0,29.0,0.19,2.19,1010,3447.38,,,,0.00299792543559857,,17.03,0,11:26:00.0,105
116,08/18/2014,2014-08-18T17:30:22.0,2014-08-18T17:31:21.0,2014-08-18T23:30:22.0,2014-08-18T23:31:21.0,4230,Ammoniac,NH3,5:30:22 PM,85.0,5015.0,1.86,7.32,B,,,,rural,0.07,29.9,28.9,0.19,2.19,1010,3447.38,,,,0.00299792543559857,,17.03,343,11:30:00.0,59
117,08/18/2014,2014-08-18T17:34:25.0,2014-08-18T17:35:01.0,2014-08-18T23:34:25.0,2014-08-18T23:35:01.0,4230,Ammoniac,NH3,5:34:25 PM,425.0,15300.0,2.15,7.32,B,,,,rural,0.07,30.1,29.1,0.19,2.19,1010,3447.38,,,,0.0149896271779928,,17.03,335,11:34:00.0,36
118,08/18/2014,2014-08-18T17:49:40.0,2014-08-18T17:51:40.0,2014-08-18T23:49:40.0,2014-08-18T23:51:40.0,4230,Ammoniac,NH3,5:49:40 PM,17.0,2040.0,1.45,7.32,A,,,,rural,0.07,30.0,29.0,0.19,2.19,1010,3447.38,,,,0.000599585087119713,,17.03,291,11:49:00.0,120
119,08/18/2014,2014-08-18T17:52:35.0,2014-08-18T17:54:11.0,2014-08-18T23:52:35.0,2014-08-18T23:54:11.0,4230,Ammoniac,NH3,5:52:35 PM,85.0,8160.0,2.67,7.32,B,,,,rural,0.07,29.6,28.6,0.19,2.19,1010,3447.38,,,,0.00299792543559857,,17.03,302,11:52:00.0,96
120,08/18/2014,2014-08-18T17:55:22.0,2014-08-18T17:55:57.0,2014-08-18T23:55:22.0,2014-08-18T23:55:57.0,4230,Ammoniac,NH3,5:55:22 PM,425.0,14875.0,3.0,7.32,B,,,,rural,0.07,29.5,28.5,0.19,2.19,1010,3447.38,,,,0.0149896271779928,,17.03,317,11:55:00.0,35
121,08/18/2014,2014-08-18T17:57:00.0,2014-08-18T17:58:00.0,2014-08-18T23:57:00.0,2014-08-18T23:58:00.0,4230,Ammoniac,NH3,5:57:00 PM,0.0,0.0,2.34,7.32,B,,,,rural,0.07,29.4,28.4,0.19,2.19,1010,3447.38,,,,0.0,,17.03,319,11:57:00.0,60
122,08/18/2014,2014-08-18T16:51:30.0,2014-08-18T16:52:40.0,2014-08-18T22:51:30.0,2014-08-18T22:52:40.0,4230,Ethylene,C2H4,4:51:30 PM,425.0,29750.0,1.84,7.32,A,,,,rural,0.07,29.9,28.9,0.19,1.53,1010,3171.59,,,,0.0149896271779928,,28.05,213,10:51:00.0,70
123,08/18/2014,2014-08-18T16:55:14.0,2014-08-18T16:56:29.0,2014-08-18T22:55:14.0,2014-08-18T22:56:29.0,4230,Ethylene,C2H4,4:55:14 PM,85.0,6375.0,1.99,7.32,A,,,,rural,0.07,29.7,28.7,0.19,1.53,1010,3171.59,,,,0.00299792543559857,,28.05,0,10:55:00.0,75
124,08/18/2014,2014-08-18T16:58:40.0,2014-08-18T16:59:29.0,2014-08-18T22:58:40.0,2014-08-18T22:59:29.0,4230,Ethylene,C2H4,4:58:40 PM,17.0,833.0,2.17,7.32,B,,,,rural,0.07,30.0,29.0,0.19,1.53,1010,3171.59,,,,0.000599585087119713,,28.05,0,10:58:00.0,49
125,08/18/2014,2014-08-18T17:02:20.0,2014-08-18T17:03:03.0,2014-08-18T23:02:20.0,2014-08-18T23:03:03.0,4230,Ethylene,C2H4,5:02:20 PM,17.0,731.0,2.42,7.32,B,,,,rural,0.07,30.1,29.1,0.19,1.53,1010,3171.59,,,,0.000599585087119713,,28.05,0,11:02:00.0,43
126,08/18/2014,2014-08-18T17:22:50.0,2014-08-18T17:24:29.0,2014-08-18T23:22:50.0,2014-08-18T23:24:29.0,4230,Ethylene,C2H4,5:22:50 PM,85.0,8415.0,1.92,7.32,A,,,,rural,0.07,30.3,29.3,0.19,1.53,1010,3171.59,,,,0.00299792543559857,,28.05,0,11:22:00.0,99
127,08/18/2014,2014-08-18T17:26:45.0,2014-08-18T17:28:30.0,2014-08-18T23:26:45.0,2014-08-18T23:28:30.0,4230,Ethylene,C2H4,5:26:45 PM,85.0,8925.0,2.24,7.32,B,,,,rural,0.07,30.0,29.0,0.19,1.53,1010,3171.59,,,,0.00299792543559857,,28.05,0,11:26:00.0,105
128,08/18/2014,2014-08-18T17:30:22.0,2014-08-18T17:31:21.0,2014-08-18T23:30:22.0,2014-08-18T23:31:21.0,4230,Ethylene,C2H4,5:30:22 PM,17.0,1003.0,1.86,7.32,A,,,,rural,0.07,29.9,28.9,0.19,1.53,1010,3171.59,,,,0.000599585087119713,,28.05,343,11:30:00.0,59
129,08/18/2014,2014-08-18T17:34:25.0,2014-08-18T17:35:01.0,2014-08-18T23:34:25.0,2014-08-18T23:35:01.0,4230,Ethylene,C2H4,5:34:25 PM,425.0,15300.0,2.15,7.32,B,,,,rural,0.07,30.1,29.1,0.19,1.53,1010,3171.59,,,,0.0149896271779928,,28.05,335,11:34:00.0,36
130,08/18/2014,2014-08-18T17:49:40.0,2014-08-18T17:51:40.0,2014-08-18T23:49:40.0,2014-08-18T23:51:40.0,4230,Ethylene,C2H4,5:49:40 PM,17.0,2040.0,1.45,7.32,A,,,,rural,0.07,30.0,29.0,0.19,1.53,1010,3171.59,,,,0.000599585087119713,,28.05,291,11:49:00.0,120
131,08/18/2014,2014-08-18T17:52:35.0,2014-08-18T17:54:11.0,2014-08-18T23:52:35.0,2014-08-18T23:54:11.0,4230,Ethylene,C2H4,5:52:35 PM,85.0,8160.0,2.67,7.32,B,,,,rural,0.07,29.6,28.6,0.19,1.53,1010,3171.59,,,,0.00299792543559857,,28.05,302,11:52:00.0,96
132,08/18/2014,2014-08-18T17:55:22.0,2014-08-18T17:55:57.0,2014-08-18T23:55:22.0,2014-08-18T23:55:57.0,4230,Ethylene,C2H4,5:55:22 PM,425.0,14875.0,3.0,7.32,B,,,,rural,0.07,29.5,28.5,0.19,1.53,1010,3171.59,,,,0.0149896271779928,,28.05,317,11:55:00.0,35
133,08/18/2014,2014-08-18T17:57:00.0,2014-08-18T17:58:00.0,2014-08-18T23:57:00.0,2014-08-18T23:58:00.0,4230,Ethylene,C2H4,5:57:00 PM,0.0,0.0,2.34,7.32,B,,,,rural,0.07,29.4,28.4,0.19,1.53,1010,3171.59,,,,0.0,,28.05,319,11:57:00.0,60
134,08/18/2014,2014-08-18T21:00:25.0,2014-08-18T21:01:18.0,2014-08-19T03:00:25.0,2014-08-19T03:01:18.0,4230,Ammoniac,NH3,9:00:25 PM,17.0,901.0,0.0,7.32,E,,,,rural,0.07,22.2,21.2,0.19,2.19,1010,3447.38,,,,0.000599585087119713,,17.03,251,15:00:00.0,53
135,08/18/2014,2014-08-18T21:05:55.0,2014-08-18T21:07:28.0,2014-08-19T03:05:55.0,2014-08-19T03:07:28.0,4230,Ammoniac,NH3,9:05:55 PM,85.0,7905.0,0.0,7.32,E,,,,rural,0.07,21.5,20.5,0.19,2.19,1010,3447.38,,,,0.00299792543559857,,17.03,250,15:05:00.0,93
136,08/18/2014,2014-08-18T21:10:25.0,2014-08-18T21:11:13.0,2014-08-19T03:10:25.0,2014-08-19T03:11:13.0,4230,Ammoniac,NH3,9:10:25 PM,425.0,20400.0,0.0,7.32,E,,,,rural,0.07,21.7,20.7,0.19,2.19,1010,3447.38,,,,0.0149896271779928,,17.03,224,15:10:00.0,48
137,08/18/2014,2014-08-18T21:16:01.0,2014-08-18T21:16:59.0,2014-08-19T03:16:01.0,2014-08-19T03:16:59.0,4230,Ammoniac,NH3,9:16:01 PM,85.0,4930.0,0.61,7.32,E,,,,rural,0.07,21.2,20.2,0.19,2.19,1010,3447.38,,,,0.00299792543559857,,17.03,217,15:16:00.0,58
138,08/18/2014,2014-08-18T21:17:24.0,2014-08-18T21:18:07.0,2014-08-19T03:17:24.0,2014-08-19T03:18:07.0,4230,Ammoniac,NH3,9:17:24 PM,85.0,3655.0,0.6,7.32,E,,,,rural,0.07,21.2,20.2,0.19,2.19,1010,3447.38,,,,0.00299792543559857,,17.03,235,15:17:00.0,43
139,08/18/2014,2014-08-18T21:29:58.0,2014-08-18T21:30:05.0,2014-08-19T03:29:58.0,2014-08-19T03:30:05.0,4230,Ammoniac,NH3,9:29:58 PM,17.0,119.0,0.79,7.32,E,,,,rural,0.07,21.6,20.6,0.19,2.19,1010,3447.38,,,,0.000599585087119713,,17.03,219,15:29:00.0,7
140,08/18/2014,2014-08-18T21:36:09.0,2014-08-18T21:36:42.0,2014-08-19T03:36:09.0,2014-08-19T03:36:42.0,4230,Ammoniac,NH3,9:36:09 PM,85.0,2805.0,1.31,7.32,E,,,,rural,0.07,21.7,20.7,0.19,2.19,1010,3447.38,,,,0.00299792543559857,,17.03,144,15:36:00.0,33
141,08/18/2014,2014-08-18T21:38:26.0,2014-08-18T21:39:33.0,2014-08-19T03:38:26.0,2014-08-19T03:39:33.0,4230,Ammoniac,NH3,9:38:26 PM,85.0,5695.0,0.95,7.32,E,,,,rural,0.07,21.2,20.2,0.19,2.19,1010,3447.38,,,,0.00299792543559857,,17.03,143,15:38:00.0,67
142,08/18/2014,2014-08-18T21:44:13.0,2014-08-18T21:45:05.0,2014-08-19T03:44:13.0,2014-08-19T03:45:05.0,4230,Ammoniac,NH3,9:44:13 PM,17.0,884.0,1.11,7.32,E,,,,rural,0.07,20.6,19.6,0.19,2.19,1010,3447.38,,,,0.000599585087119713,,17.03,117,15:44:00.0,52
143,08/18/2014,2014-08-18T21:49:00.0,2014-08-18T21:50:45.0,2014-08-19T03:49:00.0,2014-08-19T03:50:45.0,4230,Ammoniac,NH3,9:49:00 PM,17.0,1785.0,1.2,7.32,E,,,,rural,0.07,20.5,19.5,0.19,2.19,1010,3447.38,,,,0.000599585087119713,,17.03,232,15:49:00.0,105
144,08/18/2014,2014-08-18T21:55:05.0,2014-08-18T21:56:22.0,2014-08-19T03:55:05.0,2014-08-19T03:56:22.0,4230,Ammoniac,NH3,9:55:05 PM,85.0,6545.0,1.13,7.32,E,,,,rural,0.07,20.9,19.9,0.19,2.19,1010,3447.38,,,,0.00299792543559857,,17.03,140,15:55:00.0,77
145,08/18/2014,2014-08-18T21:00:25.0,2014-08-18T21:01:18.0,2014-08-19T03:00:25.0,2014-08-19T03:01:18.0,4230,Ethylene,C2H4,9:00:25 PM,17.0,901.0,0.0,7.32,E,,,,rural,0.07,22.2,21.2,0.19,1.53,1010,3171.59,,,,0.000599585087119713,,28.05,251,15:00:00.0,53
146,08/18/2014,2014-08-18T21:05:55.0,2014-08-18T21:07:28.0,2014-08-19T03:05:55.0,2014-08-19T03:07:28.0,4230,Ethylene,C2H4,9:05:55 PM,85.0,7905.0,0.0,7.32,E,,,,rural,0.07,21.5,20.5,0.19,1.53,1010,3171.59,,,,0.00299792543559857,,28.05,250,15:05:00.0,93
147,08/18/2014,2014-08-18T21:10:25.0,2014-08-18T21:11:13.0,2014-08-19T03:10:25.0,2014-08-19T03:11:13.0,4230,Ethylene,C2H4,9:10:25 PM,425.0,20400.0,0.0,7.32,E,,,,rural,0.07,21.7,20.7,0.19,1.53,1010,3171.59,,,,0.0149896271779928,,28.05,224,15:10:00.0,48
148,08/18/2014,2014-08-18T21:16:01.0,2014-08-18T21:16:59.0,2014-08-19T03:16:01.0,2014-08-19T03:16:59.0,4230,Ethylene,C2H4,9:16:01 PM,17.0,986.0,0.61,7.32,E,,,,rural,0.07,21.2,20.2,0.19,1.53,1010,3171.59,,,,0.000599585087119713,,28.05,217,15:16:00.0,58
149,08/18/2014,2014-08-18T21:17:24.0,2014-08-18T21:18:07.0,2014-08-19T03:17:24.0,2014-08-19T03:18:07.0,4230,Ethylene,C2H4,9:17:24 PM,17.0,731.0,0.6,7.32,E,,,,rural,0.07,21.2,20.2,0.19,1.53,1010,3171.59,,,,0.000599585087119713,,28.05,235,15:17:00.0,43
150,08/18/2014,2014-08-18T21:29:58.0,2014-08-18T21:30:05.0,2014-08-19T03:29:58.0,2014-08-19T03:30:05.0,4230,Ethylene,C2H4,9:29:58 PM,17.0,119.0,0.79,7.32,E,,,,rural,0.07,21.6,20.6,0.19,1.53,1010,3171.59,,,,0.000599585087119713,,28.05,219,15:29:00.0,7
151,08/18/2014,2014-08-18T21:36:09.0,2014-08-18T21:36:42.0,2014-08-19T03:36:09.0,2014-08-19T03:36:42.0,4230,Ethylene,C2H4,9:36:09 PM,85.0,2805.0,1.31,7.32,E,,,,rural,0.07,21.7,20.7,0.19,1.53,1010,3171.59,,,,0.00299792543559857,,28.05,144,15:36:00.0,33
152,08/18/2014,2014-08-18T21:38:26.0,2014-08-18T21:39:33.0,2014-08-19T03:38:26.0,2014-08-19T03:39:33.0,4230,Ethylene,C2H4,9:38:26 PM,85.0,5695.0,0.95,7.32,E,,,,rural,0.07,21.2,20.2,0.19,1.53,1010,3171.59,,,,0.00299792543559857,,28.05,143,15:38:00.0,67
153,08/18/2014,2014-08-18T21:44:13.0,2014-08-18T21:45:05.0,2014-08-19T03:44:13.0,2014-08-19T03:45:05.0,4230,Ethylene,C2H4,9:44:13 PM,17.0,884.0,1.11,7.32,E,,,,rural,0.07,20.6,19.6,0.19,1.53,1010,3171.59,,,,0.000599585087119713,,28.05,117,15:44:00.0,52
154,08/18/2014,2014-08-18T21:49:00.0,2014-08-18T21:50:45.0,2014-08-19T03:49:00.0,2014-08-19T03:50:45.0,4230,Ethylene,C2H4,9:49:00 PM,85.0,8925.0,1.2,7.32,E,,,,rural,0.07,20.5,19.5,0.19,1.53,1010,3171.59,,,,0.00299792543559857,,28.05,232,15:49:00.0,105
155,08/18/2014,2014-08-18T21:55:05.0,2014-08-18T21:56:22.0,2014-08-19T03:55:05.0,2014-08-19T03:56:22.0,4230,Ethylene,C2H4,9:55:05 PM,17.0,1309.0,1.13,7.32,E,,,,rural,0.07,20.9,19.9,0.19,1.53,1010,3171.59,,,,0.000599585087119713,,28.05,140,15:55:00.0,77
156,08/18/2014,2014-08-18T22:01:00.0,2014-08-18T22:01:31.0,2014-08-19T04:01:00.0,2014-08-19T04:01:31.0,4230,CF-4,CF-4,10:01:00 PM,85.0,2635.0,1.06,7.32,E,,,,rural,0.07,20.6,19.6,0.19,0.87,1010,5377.91,,,,0.00299792543559857,,88.004,160,16:01:00.0,31
157,08/18/2014,2014-08-18T22:06:10.0,2014-08-18T22:07:04.0,2014-08-19T04:06:10.0,2014-08-19T04:07:04.0,4230,CF-4,CF-4,10:06:10 PM,425.0,22950.0,1.66,7.32,E,,,,rural,0.07,21.2,20.2,0.19,0.87,1010,5377.91,,,,0.0149896271779928,,88.004,236,16:06:00.0,54
158,08/18/2014,2014-08-18T22:12:15.0,2014-08-18T22:12:57.0,2014-08-19T04:12:15.0,2014-08-19T04:12:57.0,4230,CF-4,CF-4,10:12:15 PM,85.0,3570.0,1.46,7.32,E,,,,rural,0.07,20.8,19.8,0.19,0.87,1010,5377.91,,,,0.00299792543559857,,88.004,259,16:12:00.0,42
159,08/18/2014,2014-08-18T22:17:00.0,2014-08-18T22:17:58.0,2014-08-19T04:17:00.0,2014-08-19T04:17:58.0,4230,CF-4,CF-4,10:17:00 PM,85.0,4930.0,0.57,7.32,E,,,,rural,0.07,20.4,19.4,0.19,0.87,1010,5377.91,,,,0.00299792543559857,,88.004,178,16:17:00.0,58
160,08/18/2014,2014-08-18T22:17:58.0,2014-08-18T22:19:05.0,2014-08-19T04:17:58.0,2014-08-19T04:19:05.0,4230,CF-4,CF-4,10:17:58 PM,85.0,5695.0,0.57,7.32,E,,,,rural,0.07,20.4,19.4,0.19,0.87,1010,5377.91,,,,0.00299792543559857,,88.004,178,16:17:00.0,67
161,08/18/2014,2014-08-18T22:22:00.0,2014-08-18T22:23:08.0,2014-08-19T04:22:00.0,2014-08-19T04:23:08.0,4230,CF-4,CF-4,10:22:00 PM,85.0,5780.0,0.58,7.32,E,,,,rural,0.07,19.8,18.8,0.19,0.87,1010,5377.91,,,,0.00299792543559857,,88.004,199,16:22:00.0,68
162,08/18/2014,2014-08-18T22:28:30.0,2014-08-18T22:29:09.0,2014-08-19T04:28:30.0,2014-08-19T04:29:09.0,4230,CF-4,CF-4,10:28:30 PM,425.0,16575.0,0.13,7.32,E,,,,rural,0.07,19.6,18.6,0.19,0.87,1010,5377.91,,,,0.0149896271779928,,88.004,235,16:28:00.0,39
163,08/18/2014,2014-08-18T22:34:00.0,2014-08-18T22:35:05.0,2014-08-19T04:34:00.0,2014-08-19T04:35:05.0,4230,CF-4,CF-4,10:34:00 PM,425.0,27625.0,0.9,7.32,E,,,,rural,0.07,19.9,18.9,0.19,0.87,1010,5377.91,,,,0.0149896271779928,,88.004,194,16:34:00.0,65
164,08/18/2014,2014-08-18T22:46:30.0,2014-08-18T22:48:10.0,2014-08-19T04:46:30.0,2014-08-19T04:48:10.0,4230,CF-4,CF-4,10:46:30 PM,425.0,42500.0,0.32,7.32,E,,,,rural,0.07,19.9,18.9,0.19,0.87,1010,5377.91,,,,0.0149896271779928,,88.004,206,16:46:00.0,100
165,08/18/2014,2014-08-18T22:01:00.0,2014-08-18T22:01:31.0,2014-08-19T04:01:00.0,2014-08-19T04:01:31.0,4230,R218,C3F8,10:01:00 PM,85.0,2635.0,1.06,7.32,E,,,,rural,0.07,20.6,19.6,0.19,1.02,1010,3171.59,,,,0.00299792543559857,,188.02,160,16:01:00.0,31
166,08/18/2014,2014-08-18T22:06:10.0,2014-08-18T22:07:04.0,2014-08-19T04:06:10.0,2014-08-19T04:07:04.0,4230,R218,C3F8,10:06:10 PM,85.0,4590.0,1.66,7.32,E,,,,rural,0.07,21.2,20.2,0.19,1.02,1010,3171.59,,,,0.00299792543559857,,188.02,236,16:06:00.0,54
167,08/18/2014,2014-08-18T22:12:15.0,2014-08-18T22:12:57.0,2014-08-19T04:12:15.0,2014-08-19T04:12:57.0,4230,R218,C3F8,10:12:15 PM,425.0,17850.0,1.46,7.32,E,,,,rural,0.07,20.8,19.8,0.19,1.02,1010,3171.59,,,,0.0149896271779928,,188.02,259,16:12:00.0,42
168,08/18/2014,2014-08-18T22:17:00.0,2014-08-18T22:17:58.0,2014-08-19T04:17:00.0,2014-08-19T04:17:58.0,4230,R218,C3F8,10:17:00 PM,425.0,24650.0,0.57,7.32,E,,,,rural,0.07,20.4,19.4,0.19,1.02,1010,3171.59,,,,0.0149896271779928,,188.02,178,16:17:00.0,58
169,08/18/2014,2014-08-18T22:17:58.0,2014-08-18T22:19:05.0,2014-08-19T04:17:58.0,2014-08-19T04:19:05.0,4230,R218,C3F8,10:17:58 PM,425.0,28475.0,0.57,7.32,E,,,,rural,0.07,20.4,19.4,0.19,1.02,1010,3171.59,,,,0.0149896271779928,,188.02,178,16:17:00.0,67
170,08/18/2014,2014-08-18T22:22:00.0,2014-08-18T22:23:08.0,2014-08-19T04:22:00.0,2014-08-19T04:23:08.0,4230,R218,C3F8,10:22:00 PM,85.0,5780.0,0.58,7.32,E,,,,rural,0.07,19.8,18.8,0.19,1.02,1010,3171.59,,,,0.00299792543559857,,188.02,199,16:22:00.0,68
171,08/18/2014,2014-08-18T22:28:30.0,2014-08-18T22:29:09.0,2014-08-19T04:28:30.0,2014-08-19T04:29:09.0,4230,R218,C3F8,10:28:30 PM,85.0,3315.0,0.13,7.32,E,,,,rural,0.07,19.6,18.6,0.19,1.02,1010,3171.59,,,,0.00299792543559857,,188.02,235,16:28:00.0,39
172,08/18/2014,2014-08-18T22:34:00.0,2014-08-18T22:35:05.0,2014-08-19T04:34:00.0,2014-08-19T04:35:05.0,4230,R218,C3F8,10:34:00 PM,425.0,27625.0,0.9,7.32,E,,,,rural,0.07,19.9,18.9,0.19,1.02,1010,3171.59,,,,0.0149896271779928,,188.02,194,16:34:00.0,65
173,08/18/2014,2014-08-18T22:46:30.0,2014-08-18T22:48:10.0,2014-08-19T04:46:30.0,2014-08-19T04:48:10.0,4230,R218,C3F8,10:46:30 PM,425.0,42500.0,0.32,7.32,E,,,,rural,0.07,19.9,18.9,0.19,1.02,1010,3171.59,,,,0.0149896271779928,,188.02,206,16:46:00.0,100
174,08/19/2014,2014-08-19T10:39:26.0,2014-08-19T10:40:30.0,2014-08-19T16:39:26.0,2014-08-19T16:40:30.0,4231,Methane,CH4,10:39:26 AM,31.25,2000.0,2.67,1.32,B,,,,rural,0.07,20.8,19.8,0.013,2.22,1010,68947.6,,,,4.00240784856169e-5,,16.04,92,04:39:00.0,64
175,08/19/2014,2014-08-19T10:49:50.0,2014-08-19T10:50:30.0,2014-08-19T16:49:50.0,2014-08-19T16:50:30.0,4231,Ethylene,C2H4,10:49:50 AM,127.5,5100.0,2.4,1.32,B,,,,rural,0.07,21.5,20.5,0.013,1.53,1010,68947.6,,,,0.000163298240221317,,28.05,0,04:49:00.0,40
176,08/19/2014,2014-08-19T11:00:10.0,2014-08-19T11:00:54.0,2014-08-19T17:00:10.0,2014-08-19T17:00:54.0,4231,Ammoniac,NH3,11:00:10 AM,4.55,200.2,2.26,1.32,B,,,,rural,0.07,21.9,20.9,0.013,2.19,1010,7584.24,,,,5.82168414336255e-6,,17.03,114,05:00:00.0,44
177,08/20/2014,2014-08-20T11:20:00.0,2014-08-20T11:21:35.0,2014-08-20T17:20:00.0,2014-08-20T17:21:35.0,4232,SF6,SF6,11:20:00 AM,85.0,8075.0,0.67,7.32,A,,,,rural,0.07,21.3,20.3,0.19,0.59,1010,5515.81,,,,0.00299792543559857,,146.06,357,05:20:00.0,95
178,08/20/2014,2014-08-20T11:23:04.0,2014-08-20T11:25:35.0,2014-08-20T17:23:04.0,2014-08-20T17:25:35.0,4232,SF6,SF6,11:23:04 AM,85.0,12835.0,1.52,7.32,A,,,,rural,0.07,20.9,19.9,0.19,0.59,1010,5515.81,,,,0.00299792543559857,,146.06,2,05:23:00.0,151
179,08/20/2014,2014-08-20T11:28:03.0,2014-08-20T11:30:05.0,2014-08-20T17:28:03.0,2014-08-20T17:30:05.0,4232,SF6,SF6,11:28:03 AM,17.0,2074.0,1.22,7.32,A,,,,rural,0.07,21.5,20.5,0.19,0.59,1010,5515.81,,,,0.000599585087119713,,146.06,355,05:28:00.0,122
180,08/20/2014,2014-08-20T11:32:45.0,2014-08-20T11:34:17.0,2014-08-20T17:32:45.0,2014-08-20T17:34:17.0,4232,SF6,SF6,11:32:45 AM,85.0,7820.0,1.51,7.32,A,,,,rural,0.07,21.2,20.2,0.19,0.59,1010,5515.81,,,,0.00299792543559857,,146.06,355,05:32:00.0,92
181,08/20/2014,2014-08-20T11:39:07.0,2014-08-20T11:40:00.0,2014-08-20T17:39:07.0,2014-08-20T17:40:00.0,4232,SF6,SF6,11:39:07 AM,425.0,22525.0,2.11,7.32,B,,,,rural,0.07,21.0,20.0,0.19,0.59,1010,5515.81,,,,0.0149896271779928,,146.06,339,05:39:00.0,53
182,08/20/2014,2014-08-20T11:39:07.0,2014-08-20T11:40:00.0,2014-08-20T17:39:07.0,2014-08-20T17:40:00.0,4232,SF6,SF6,11:39:07 AM,425.0,22525.0,2.11,7.32,B,,,,rural,0.07,21.0,20.0,0.19,0.59,1010,5515.81,,,,0.0149896271779928,,146.06,339,05:39:00.0,53
183,08/20/2014,2014-08-20T11:41:12.0,2014-08-20T11:42:43.0,2014-08-20T17:41:12.0,2014-08-20T17:42:43.0,4232,SF6,SF6,11:41:12 AM,85.0,7735.0,2.75,7.32,B,,,,rural,0.07,21.0,20.0,0.19,0.59,1010,5515.81,,,,0.00299792543559857,,146.06,318,05:41:00.0,91
184,08/20/2014,2014-08-20T11:46:45.0,2014-08-20T11:47:51.0,2014-08-20T17:46:45.0,2014-08-20T17:47:51.0,4232,SF6,SF6,11:46:45 AM,85.0,5610.0,1.54,7.32,A,,,,rural,0.07,20.7,19.7,0.19,0.59,1010,5515.81,,,,0.00299792543559857,,146.06,254,05:46:00.0,66
185,08/20/2014,2014-08-20T11:50:10.0,2014-08-20T11:50:59.0,2014-08-20T17:50:10.0,2014-08-20T17:50:59.0,4232,SF6,SF6,11:50:10 AM,17.0,833.0,1.04,7.32,A,,,,rural,0.07,21.1,20.1,0.19,0.59,1010,5515.81,,,,0.000599585087119713,,146.06,173,05:50:00.0,49
186,08/20/2014,2014-08-20T11:52:05.0,2014-08-20T11:52:53.0,2014-08-20T17:52:05.0,2014-08-20T17:52:53.0,4232,SF6,SF6,11:52:05 AM,17.0,816.0,2.37,7.32,B,,,,rural,0.07,21.1,20.1,0.19,0.59,1010,5515.81,,,,0.000599585087119713,,146.06,167,05:52:00.0,48
187,08/20/2014,2014-08-20T11:56:39.0,2014-08-20T11:57:41.0,2014-08-20T17:56:39.0,2014-08-20T17:57:41.0,4232,SF6,SF6,11:56:39 AM,85.0,5270.0,1.13,7.32,A,,,,rural,0.07,21.7,20.7,0.19,0.59,1010,5515.81,,,,0.00299792543559857,,146.06,161,05:56:00.0,62
188,08/20/2014,2014-08-20T12:01:43.0,2014-08-20T12:03:30.0,2014-08-20T18:01:43.0,2014-08-20T18:03:30.0,4232,SF6,SF6,12:01:43 PM,85.0,9095.0,1.13,7.32,A,,,,rural,0.07,21.2,20.2,0.19,0.59,1010,5515.81,,,,0.00299792543559857,,146.06,0,06:01:00.0,107
189,08/20/2014,2014-08-20T12:09:26.0,2014-08-20T12:10:39.0,2014-08-20T18:09:26.0,2014-08-20T18:10:39.0,4232,SF6,SF6,12:09:26 PM,85.0,6205.0,1.97,7.32,A,,,,rural,0.07,22.3,21.3,0.19,0.59,1010,5515.81,,,,0.00299792543559857,,146.06,42,06:09:00.0,73
190,08/20/2014,2014-08-20T12:12:52.0,2014-08-20T12:13:46.0,2014-08-20T18:12:52.0,2014-08-20T18:13:46.0,4232,SF6,SF6,12:12:52 PM,85.0,4590.0,0.07,7.32,A,,,,rural,0.07,22.1,21.1,0.19,0.59,1010,5515.81,,,,0.00299792543559857,,146.06,61,06:12:00.0,54
191,08/20/2014,2014-08-20T12:16:15.0,2014-08-20T12:17:05.0,2014-08-20T18:16:15.0,2014-08-20T18:17:05.0,4232,SF6,SF6,12:16:15 PM,85.0,4250.0,3.18,7.32,B,,,,rural,0.07,22.0,21.0,0.19,0.59,1010,5515.81,,,,0.00299792543559857,,146.06,47,06:16:00.0,50
192,08/20/2014,2014-08-20T11:20:00.0,2014-08-20T11:21:35.0,2014-08-20T17:20:00.0,2014-08-20T17:21:35.0,4232,Ethylene,C2H4,11:20:00 AM,85.0,8075.0,0.67,7.32,A,,,,rural,0.07,21.3,20.3,0.19,1.53,1010,3171.59,,,,0.00299792543559857,,28.05,357,05:20:00.0,95
193,08/20/2014,2014-08-20T11:23:04.0,2014-08-20T11:25:35.0,2014-08-20T17:23:04.0,2014-08-20T17:25:35.0,4232,Ethylene,C2H4,11:23:04 AM,85.0,12835.0,1.52,7.32,A,,,,rural,0.07,20.9,19.9,0.19,1.53,1010,3171.59,,,,0.00299792543559857,,28.05,2,05:23:00.0,151
194,08/20/2014,2014-08-20T11:28:03.0,2014-08-20T11:30:05.0,2014-08-20T17:28:03.0,2014-08-20T17:30:05.0,4232,Ethylene,C2H4,11:28:03 AM,85.0,10370.0,1.22,7.32,A,,,,rural,0.07,21.5,20.5,0.19,1.53,1010,3171.59,,,,0.00299792543559857,,28.05,355,05:28:00.0,122
195,08/20/2014,2014-08-20T11:32:45.0,2014-08-20T11:34:17.0,2014-08-20T17:32:45.0,2014-08-20T17:34:17.0,4232,Ethylene,C2H4,11:32:45 AM,17.0,1564.0,1.51,7.32,A,,,,rural,0.07,21.2,20.2,0.19,1.53,1010,3171.59,,,,0.000599585087119713,,28.05,355,05:32:00.0,92
196,08/20/2014,2014-08-20T11:39:07.0,2014-08-20T11:40:00.0,2014-08-20T17:39:07.0,2014-08-20T17:40:00.0,4232,Ethylene,C2H4,11:39:07 AM,425.0,22525.0,2.11,7.32,B,,,,rural,0.07,21.0,20.0,0.19,1.53,1010,3171.59,,,,0.0149896271779928,,28.05,339,05:39:00.0,53
197,08/20/2014,2014-08-20T11:39:07.0,2014-08-20T11:40:00.0,2014-08-20T17:39:07.0,2014-08-20T17:40:00.0,4232,Ethylene,C2H4,11:39:07 AM,425.0,22525.0,2.11,7.32,B,,,,rural,0.07,21.0,20.0,0.19,1.53,1010,3171.59,,,,0.0149896271779928,,28.05,339,05:39:00.0,53
198,08/20/2014,2014-08-20T11:41:12.0,2014-08-20T11:42:43.0,2014-08-20T17:41:12.0,2014-08-20T17:42:43.0,4232,Ethylene,C2H4,11:41:12 AM,17.0,1547.0,2.75,7.32,B,,,,rural,0.07,21.0,20.0,0.19,1.53,1010,3171.59,,,,0.000599585087119713,,28.05,318,05:41:00.0,91
199,08/20/2014,2014-08-20T11:46:45.0,2014-08-20T11:47:51.0,2014-08-20T17:46:45.0,2014-08-20T17:47:51.0,4232,Ethylene,C2H4,11:46:45 AM,17.0,1122.0,1.54,7.32,A,,,,rural,0.07,20.7,19.7,0.19,1.53,1010,3171.59,,,,0.000599585087119713,,28.05,254,05:46:00.0,66
200,08/20/2014,2014-08-20T11:50:10.0,2014-08-20T11:50:59.0,2014-08-20T17:50:10.0,2014-08-20T17:50:59.0,4232,Ethylene,C2H4,11:50:10 AM,85.0,4165.0,1.04,7.32,A,,,,rural,0.07,21.1,20.1,0.19,1.53,1010,3171.59,,,,0.00299792543559857,,28.05,173,05:50:00.0,49
201,08/20/2014,2014-08-20T11:52:05.0,2014-08-20T11:52:53.0,2014-08-20T17:52:05.0,2014-08-20T17:52:53.0,4232,Ethylene,C2H4,11:52:05 AM,85.0,4080.0,2.37,7.32,B,,,,rural,0.07,21.1,20.1,0.19,1.53,1010,3171.59,,,,0.00299792543559857,,28.05,167,05:52:00.0,48
202,08/20/2014,2014-08-20T11:56:39.0,2014-08-20T11:57:41.0,2014-08-20T17:56:39.0,2014-08-20T17:57:41.0,4232,Ethylene,C2H4,11:56:39 AM,85.0,5270.0,1.13,7.32,A,,,,rural,0.07,21.7,20.7,0.19,1.53,1010,3171.59,,,,0.00299792543559857,,28.05,161,05:56:00.0,62
203,08/20/2014,2014-08-20T12:01:43.0,2014-08-20T12:03:30.0,2014-08-20T18:01:43.0,2014-08-20T18:03:30.0,4232,Ethylene,C2H4,12:01:43 PM,85.0,9095.0,1.13,7.32,A,,,,rural,0.07,21.2,20.2,0.19,1.53,1010,3171.59,,,,0.00299792543559857,,28.05,0,06:01:00.0,107
204,08/20/2014,2014-08-20T12:09:26.0,2014-08-20T12:10:39.0,2014-08-20T18:09:26.0,2014-08-20T18:10:39.0,4232,Ethylene,C2H4,12:09:26 PM,425.0,31025.0,1.97,7.32,A,,,,rural,0.07,22.3,21.3,0.19,1.53,1010,3171.59,,,,0.0149896271779928,,28.05,42,06:09:00.0,73
205,08/20/2014,2014-08-20T12:12:52.0,2014-08-20T12:13:46.0,2014-08-20T18:12:52.0,2014-08-20T18:13:46.0,4232,Ethylene,C2H4,12:12:52 PM,425.0,22950.0,0.07,7.32,A,,,,rural,0.07,22.1,21.1,0.19,1.53,1010,3171.59,,,,0.0149896271779928,,28.05,61,06:12:00.0,54
206,08/20/2014,2014-08-20T12:16:15.0,2014-08-20T12:17:05.0,2014-08-20T18:16:15.0,2014-08-20T18:17:05.0,4232,Ethylene,C2H4,12:16:15 PM,425.0,21250.0,3.18,7.32,B,,,,rural,0.07,22.0,21.0,0.19,1.53,1010,3171.59,,,,0.0149896271779928,,28.05,47,06:16:00.0,50
207,08/20/2014,2014-08-20T11:52:09.0,2014-08-20T11:52:53.0,2014-08-20T17:52:09.0,2014-08-20T17:52:53.0,4232,Ammoniac,NH3,11:52:09 AM,6.82,300.08000000000004,2.37,1.32,B,,,,rural,0.07,21.1,20.1,0.013,2.19,1010,7170.55,,,,,,17.03,167,05:52:00.0,44
208,08/20/2014,2014-08-20T11:57:07.0,2014-08-20T11:57:41.0,2014-08-20T17:57:07.0,2014-08-20T17:57:41.0,4232,Ammoniac,NH3,11:57:07 AM,5.88,199.92,2.28,1.32,B,,,,rural,0.07,21.6,20.6,0.013,2.19,1010,7170.55,,,,,,17.03,184,05:57:00.0,34
